epoch;bytes
1;262160
2;262160
3;262163
4;262111
5;262048
6;262060
7;262018
8;261965
9;261834
10;261887
11;261801
12;261784
13;261482
14;261307
15;261194
16;261165
17;261103
18;260919
19;260854
20;260603
21;260585
22;260158
23;260326
24;260321
25;259966
26;259917
27;259897
28;259876
29;259843
30;259660
31;259581
32;259546
33;259488
34;259454
35;259399
36;259279
37;259287
38;259242
39;259282
40;259299
41;259214
42;258832
43;258847
44;258790
45;258675
46;258623
47;258598
48;258714
49;258522
50;258453
51;258339
52;258321
53;258265
54;258288
55;258301
56;258263
57;258173
58;258160
59;258114
60;258183
61;258152
62;258004
63;257909
64;257735
65;257764
66;257778
67;257770
68;257731
69;257706
70;257654
71;257595
72;257544
73;257482
74;257442
75;257302
76;257174
77;257071
78;256850
79;256873
80;256884
81;256778
82;256654
83;256573
84;256525
85;256528
86;256358
87;256382
88;256402
89;256388
90;256402
91;256435
92;256358
93;256311
94;256225
95;256205
96;256157
97;256103
98;256066
99;255923
100;255890
101;255874
102;255752
103;255712
104;255677
105;255699
106;255744
107;255613
108;255525
109;255551
110;255551
111;255566
112;255514
113;255357
114;255351
115;255281
116;255242
117;255133
118;255140
119;255161
120;255047
121;255034
122;255036
123;255038
124;255026
125;255013
126;255081
127;255029
128;254974
129;254891
130;254852
131;254823
132;254793
133;254815
134;254644
135;254522
136;254542
137;254530
138;254438
139;254414
140;254385
141;254336
142;254273
143;254221
144;254218
145;254227
146;254348
147;254235
148;254209
149;254166
150;254097
151;254143
152;254089
153;254024
154;253918
155;253875
156;253807
157;253751
158;253705
159;253630
160;253553
161;253568
162;253585
163;253545
164;253679
165;253490
166;253470
167;253421
168;253493
169;253416
170;253404
171;253296
172;253223
173;253138
174;253082
175;253151
176;253190
177;253078
178;253085
179;252896
180;252827
181;252878
182;252864
183;252808
184;252765
185;252744
186;252627
187;252498
188;252499
189;252517
190;252488
191;252504
192;252402
193;252407
194;252392
195;252434
196;252425
197;252517
198;252537
199;252394
200;252295
201;252303
202;252217
203;252205
204;252186
205;252151
206;252226
207;252294
208;252220
209;252226
210;252202
211;252178
212;252242
213;252190
214;252131
215;252064
216;251997
217;251949
218;251824
219;251825
220;251741
221;251691
222;251704
223;251683
224;251585
225;251608
226;251541
227;251585
228;251446
229;251352
230;251320
231;251274
232;251331
233;251346
234;251287
235;251246
236;251217
237;251128
238;251150
239;251193
240;251214
241;251148
242;251045
243;251118
244;251124
245;251099
246;251052
247;250960
248;251023
249;250950
250;250852
251;250862
252;250821
253;250829
254;250863
255;250874
256;250835
257;250807
258;250730
259;250650
260;250558
261;250653
262;250670
263;250771
264;250845
265;250790
266;250898
267;250822
268;250830
269;250664
270;250575
271;250611
272;250551
273;250480
274;250443
275;250393
276;250339
277;250406
278;250385
279;250142
280;250198
281;250242
282;250213
283;250175
284;250259
285;250268
286;250196
287;250240
288;250295
289;250178
290;250203
291;250168
292;250096
293;250096
294;250086
295;250045
296;250031
297;249988
298;249912
299;249950
300;249880
301;249846
302;249816
303;249550
304;249518
305;249440
306;249288
307;249215
308;249083
309;249069
310;248993
311;248972
312;248943
313;248991
314;248957
315;249028
316;248995
317;248961
318;248893
319;248930
320;248969
321;249025
322;249057
323;249096
324;249195
325;249129
326;249091
327;249089
328;249047
329;249006
330;248930
331;248942
332;248997
333;248954
334;248983
335;248846
336;248790
337;248878
338;248789
339;248693
340;248622
341;248580
342;248662
343;248625
344;248585
345;248545
346;248521
347;248614
348;248602
349;248529
350;248192
351;248082
352;248071
353;248086
354;248110
355;248132
356;248160
357;248201
358;248168
359;248070
360;248017
361;248054
362;248097
363;248069
364;248072
365;247927
366;248001
367;247961
368;247922
369;247864
370;247885
371;247979
372;247906
373;247906
374;247808
375;247717
376;247724
377;247640
378;247719
379;247610
380;247489
381;247442
382;247402
383;247515
384;247400
385;247345
386;247419
387;247463
388;247333
389;247248
390;247257
391;247199
392;247176
393;247160
394;247094
395;247205
396;247285
397;247220
398;247278
399;247306
400;247378
401;247292
402;247183
403;247128
404;247150
405;247112
406;247117
407;247154
408;247164
409;247123
410;247090
411;247073
412;246988
413;247115
414;247135
415;247218
416;247163
417;246967
418;246939
419;246934
420;246922
421;246852
422;246838
423;246773
424;246735
425;246661
426;246643
427;246634
428;246717
429;246767
430;246807
431;246942
432;247021
433;246956
434;247149
435;247146
436;247104
437;247057
438;246992
439;246957
440;246947
441;246868
442;246856
443;246914
444;246904
445;246752
446;246714
447;246677
448;246745
449;246663
450;246640
451;246569
452;246629
453;246728
454;246723
455;246695
456;246752
457;246794
458;246828
459;246719
460;246832
461;246827
462;246772
463;246885
464;246818
465;246701
466;246757
467;246801
468;246710
469;246735
470;246684
471;246687
472;246712
473;246640
474;246676
475;246394
476;246392
477;246367
478;246441
479;246477
480;246338
481;246298
482;246346
483;246325
484;246424
485;246416
486;246482
487;246287
488;246183
489;246017
490;245988
491;245952
492;245916
493;245928
494;246023
495;246028
496;246033
497;245918
498;245763
499;245739
500;245666
501;245696
502;245575
503;245473
504;245445
505;245502
506;245496
507;245513
508;245514
509;245577
510;245604
511;245603
512;245596
513;245648
514;245541
515;245518
516;245396
517;245243
518;245199
519;245206
520;245149
521;245071
522;245071
523;245245
524;245033
525;245105
526;245047
527;244913
528;244902
529;244725
530;244743
531;244627
532;244704
533;244666
534;244610
535;244634
536;244631
537;244448
538;244439
539;244583
540;244609
541;244647
542;244665
543;244648
544;244617
545;244658
546;244430
547;244435
548;244329
549;244241
550;244285
551;244333
552;244259
553;244162
554;244176
555;244059
556;243936
557;243978
558;243805
559;243814
560;243907
561;244004
562;244049
563;244124
564;244057
565;244123
566;244047
567;243979
568;244021
569;244024
570;243946
571;244052
572;244042
573;244117
574;244121
575;244166
576;244207
577;244194
578;244231
579;244149
580;244018
581;243881
582;243825
583;243790
584;243792
585;243795
586;243838
587;243759
588;243723
589;243672
590;243701
591;243917
592;243799
593;243904
594;243957
595;243810
596;243725
597;243801
598;243711
599;243702
600;243713
601;243650
602;243772
603;243716
604;243630
605;243631
606;243719
607;243641
608;243636
609;243785
610;243786
611;243794
612;243692
613;243764
614;243718
615;243669
616;243683
617;243723
618;243706
619;243872
620;243836
621;243714
622;243723
623;243765
624;243742
625;243756
626;243607
627;243485
628;243425
629;243383
630;243475
631;243466
632;243416
633;243518
634;243594
635;243599
636;243645
637;243684
638;243725
639;243688
640;243622
641;243594
642;243660
643;243681
644;243585
645;243593
646;243631
647;243649
648;243683
649;243713
650;243736
651;243683
652;243701
653;243714
654;243700
655;243624
656;243715
657;243647
658;243806
659;243904
660;243933
661;243928
662;243932
663;243959
664;243991
665;243986
666;244053
667;243886
668;243961
669;243875
670;243862
671;243772
672;243840
673;243953
674;243908
675;243823
676;243797
677;243888
678;243869
679;243929
680;243946
681;243915
682;243999
683;243958
684;243903
685;243914
686;243985
687;244009
688;243878
689;243745
690;243875
691;243846
692;243773
693;243726
694;243611
695;243692
696;243728
697;243881
698;243884
699;243936
700;243864
701;243867
702;243792
703;243848
704;243865
705;243934
706;243987
707;243797
708;243892
709;243991
710;244011
711;243955
712;244023
713;243948
714;244000
715;243953
716;244026
717;243978
718;243999
719;244055
720;244045
721;244168
722;244157
723;244181
724;244142
725;244182
726;244289
727;244317
728;244316
729;244208
730;244068
731;244055
732;243937
733;244050
734;243971
735;244007
736;243994
737;243971
738;244012
739;244206
740;244237
741;244205
742;244193
743;244317
744;244326
745;244373
746;244395
747;244375
748;244393
749;244392
750;244409
751;244472
752;244515
753;244491
754;244516
755;244449
756;244466
757;244457
758;244457
759;244513
760;244591
761;244714
762;244707
763;244728
764;244786
765;244796
766;244799
767;245024
768;245174
769;245121
770;245099
771;245113
772;244980
773;245022
774;245066
775;245142
776;245105
777;245175
778;245298
779;245271
780;245214
781;245165
782;245232
783;245305
784;245347
785;245234
786;245246
787;245379
788;245338
789;245346
790;245335
791;245331
792;245313
793;245350
794;245303
795;245270
796;245353
797;245357
798;245344
799;245314
800;245299
801;245371
802;245508
803;245503
804;245523
805;245501
806;245547
807;245607
808;245755
809;245708
810;245669
811;245620
812;245583
813;245636
814;245624
815;245535
816;245628
817;245600
818;245762
819;245642
820;245596
821;245518
822;245584
823;245665
824;245675
825;245837
826;245811
827;245850
828;245904
829;245866
830;245869
831;245874
832;245755
833;245740
834;245646
835;245686
836;245713
837;245825
838;245967
839;245925
840;246038
841;246110
842;246093
843;246121
844;246133
845;246203
846;246205
847;246164
848;246256
849;246218
850;246228
851;246329
852;246269
853;246270
854;246020
855;246068
856;246064
857;246041
858;245897
859;245828
860;245928
861;245903
862;245899
863;245955
864;245913
865;245856
866;245926
867;245957
868;245921
869;245889
870;245772
871;245773
872;245790
873;245847
874;245883
875;245858
876;245867
877;246084
878;245937
879;245993
880;246065
881;246173
882;246215
883;246137
884;246020
885;246022
886;246079
887;246132
888;246058
889;246121
890;246088
891;246162
892;246134
893;246134
894;246160
895;246089
896;246098
897;246055
898;246081
899;246069
900;246138
901;246129
902;246202
903;246189
904;246124
905;246137
906;246174
907;246067
908;246108
909;246211
910;246263
911;246161
912;246214
913;246104
914;246034
915;246057
916;246213
917;246208
918;246299
919;246315
920;246375
921;246361
922;246343
923;246339
924;246179
925;246155
926;246106
927;246118
928;246130
929;246097
930;246166
931;246240
932;246201
933;246297
934;246262
935;246230
936;246134
937;246184
938;246340
939;246389
940;246325
941;246387
942;246340
943;246483
944;246461
945;246364
946;246394
947;246362
948;246298
949;246275
950;246362
951;246163
952;246041
953;246065
954;246134
955;246296
956;246254
957;246218
958;246210
959;246266
960;246242
961;246290
962;246308
963;246370
964;246274
965;246305
966;246278
967;246237
968;246251
969;246159
970;246096
971;246077
972;246013
973;245877
974;245917
975;245979
976;245988
977;245993
978;245958
979;245957
980;245876
981;245939
982;245876
983;245909
984;245879
985;245886
986;245897
987;245942
988;246022
989;246033
990;246069
991;246037
992;246097
993;246094
994;246179
995;246285
996;246368
997;246340
998;246342
999;246214
1000;246356
1001;246356
1002;246336
1003;246309
1004;246415
1005;246444
1006;246478
1007;246512
1008;246494
1009;246478
1010;246468
1011;246536
1012;246467
1013;246367
1014;246336
1015;246406
1016;246456
1017;246459
1018;246503
1019;246511
1020;246539
1021;246554
1022;246524
1023;246399
1024;246403
1025;246383
1026;246439
1027;246427
1028;246454
1029;246505
1030;246499
1031;246497
1032;246551
1033;246479
1034;246514
1035;246333
1036;246436
1037;246431
1038;246360
1039;246310
1040;246269
1041;246262
1042;246314
1043;246342
1044;246296
1045;246358
1046;246365
1047;246302
1048;246324
1049;246412
1050;246535
1051;246544
1052;246473
1053;246423
1054;246285
1055;246187
1056;246214
1057;246196
1058;246172
1059;246128
1060;246125
1061;246142
1062;246170
1063;246226
1064;246143
1065;246241
1066;246319
1067;246331
1068;246358
1069;246258
1070;246289
1071;246463
1072;246388
1073;246496
1074;246508
1075;246510
1076;246440
1077;246468
1078;246409
1079;246372
1080;246464
1081;246495
1082;246642
1083;246677
1084;246618
1085;246635
1086;246715
1087;246808
1088;246784
1089;246842
1090;246867
1091;246939
1092;246843
1093;246974
1094;246982
1095;246927
1096;246901
1097;247031
1098;246990
1099;247082
1100;247054
1101;247056
1102;247036
1103;247048
1104;246958
1105;246965
1106;246982
1107;246825
1108;246948
1109;246870
1110;246806
1111;246819
1112;246955
1113;247002
1114;247057
1115;247105
1116;246995
1117;247139
1118;247095
1119;247004
1120;246895
1121;246796
1122;246863
1123;246945
1124;246960
1125;246925
1126;246893
1127;246900
1128;246944
1129;246976
1130;247025
1131;247073
1132;246968
1133;246901
1134;246814
1135;246965
1136;247032
1137;246956
1138;246902
1139;246972
1140;246975
1141;246859
1142;246930
1143;246948
1144;246832
1145;246832
1146;246755
1147;246793
1148;246702
1149;246698
1150;246726
1151;246750
1152;246682
1153;246714
1154;246588
1155;246641
1156;246613
1157;246407
1158;246723
1159;246775
1160;246693
1161;246698
1162;246729
1163;246736
1164;246686
1165;246607
1166;246617
1167;246546
1168;246593
1169;246482
1170;246618
1171;246450
1172;246631
1173;246545
1174;246508
1175;246494
1176;246495
1177;246510
1178;246589
1179;246588
1180;246543
1181;246536
1182;246486
1183;246605
1184;246619
1185;246656
1186;246636
1187;246730
1188;246709
1189;246760
1190;246851
1191;246834
1192;246682
1193;246714
1194;246749
1195;246724
1196;246806
1197;246873
1198;246891
1199;246801
1200;246740
1201;246747
1202;246815
1203;246866
1204;246849
1205;246890
1206;246967
1207;247016
1208;246958
1209;247007
1210;247193
1211;247076
1212;247059
1213;247106
1214;246997
1215;246953
1216;246949
1217;246934
1218;246945
1219;246884
1220;246861
1221;246885
1222;246876
1223;246924
1224;246945
1225;247066
1226;247091
1227;247136
1228;247072
1229;246925
1230;246990
1231;246841
1232;246925
1233;246988
1234;247164
1235;247250
1236;247371
1237;247370
1238;247431
1239;247456
1240;247338
1241;247342
1242;247397
1243;247390
1244;247263
1245;247278
1246;247233
1247;247268
1248;247238
1249;247298
1250;247165
1251;247207
1252;247177
1253;247026
1254;247063
1255;247095
1256;247060
1257;247042
1258;247065
1259;247027
1260;246992
1261;247018
1262;247018
1263;246985
1264;247072
1265;247145
1266;246886
1267;246948
1268;246920
1269;246863
1270;246863
1271;246800
1272;246883
1273;246927
1274;246729
1275;246694
1276;246647
1277;246589
1278;246645
1279;246699
1280;246731
1281;246799
1282;246760
1283;246692
1284;246794
1285;246880
1286;246862
1287;247015
1288;247015
1289;246937
1290;246827
1291;246887
1292;246929
1293;246901
1294;246978
1295;246982
1296;246989
1297;246817
1298;246915
1299;246856
1300;246841
1301;246971
1302;246979
1303;247013
1304;246922
1305;246931
1306;246923
1307;246946
1308;247002
1309;247100
1310;247180
1311;246985
1312;247067
1313;246857
1314;246945
1315;246976
1316;246809
1317;246759
1318;246818
1319;246782
1320;246672
1321;246603
1322;246594
1323;246603
1324;246695
1325;246746
1326;246720
1327;246726
1328;246690
1329;246670
1330;246760
1331;246793
1332;246885
1333;246868
1334;246924
1335;246947
1336;246963
1337;247034
1338;246939
1339;246917
1340;246940
1341;246963
1342;247028
1343;246939
1344;246988
1345;246922
1346;246817
1347;246627
1348;246828
1349;246802
1350;246807
1351;246737
1352;246791
1353;246703
1354;246746
1355;246728
1356;246771
1357;246851
1358;246707
1359;246754
1360;246761
1361;246683
1362;246729
1363;246801
1364;246718
1365;246805
1366;246814
1367;246845
1368;246820
1369;246802
1370;246775
1371;246828
1372;246869
1373;246942
1374;246907
1375;246967
1376;246937
1377;247053
1378;247125
1379;246889
1380;246924
1381;246798
1382;246812
1383;247035
1384;246950
1385;246906
1386;246910
1387;246823
1388;246789
1389;246919
1390;247005
1391;246955
1392;246879
1393;246891
1394;246901
1395;246903
1396;246802
1397;246791
1398;246829
1399;246862
1400;246944
1401;247049
1402;246995
1403;247029
1404;247060
1405;246984
1406;246820
1407;246916
1408;246934
1409;246881
1410;246965
1411;246987
1412;247023
1413;246999
1414;246925
1415;246945
1416;247157
1417;247168
1418;247243
1419;247164
1420;247207
1421;247160
1422;247249
1423;247272
1424;247241
1425;247271
1426;247263
1427;247306
1428;247188
1429;247062
1430;247265
1431;247326
1432;247211
1433;247175
1434;247174
1435;247121
1436;247153
1437;247178
1438;247156
1439;247102
1440;247070
1441;247010
1442;247150
1443;247174
1444;247236
1445;247220
1446;247131
1447;247021
1448;247075
1449;247124
1450;247080
1451;246944
1452;247009
1453;247043
1454;246978
1455;246920
1456;246933
1457;246814
1458;246847
1459;246885
1460;246612
1461;246701
1462;246711
1463;246826
1464;246834
1465;246819
1466;246854
1467;246803
1468;246802
1469;246835
1470;246718
1471;246812
1472;246884
1473;246792
1474;246823
1475;246850
1476;246797
1477;246913
1478;246984
1479;246894
1480;246836
1481;246935
1482;246931
1483;246991
1484;246988
1485;246972
1486;246972
1487;246898
1488;246968
1489;246913
1490;246908
1491;246905
1492;246929
1493;246891
1494;246886
1495;247066
1496;247089
1497;247059
1498;247034
1499;247097
1500;247117
1501;247092
1502;247176
1503;247193
1504;247291
1505;247230
1506;247248
1507;247295
1508;247344
1509;247500
1510;247639
1511;247670
1512;247607
1513;247569
1514;247482
1515;247354
1516;247251
1517;247445
1518;247505
1519;247318
1520;247284
1521;247301
1522;247296
1523;247386
1524;247433
1525;247411
1526;247360
1527;247397
1528;247286
1529;247408
1530;247390
1531;247416
1532;247588
1533;247432
1534;247285
1535;247349
1536;247420
1537;247412
1538;247432
1539;247415
1540;247415
1541;247385
1542;247396
1543;247326
1544;247403
1545;247437
1546;247385
1547;247450
1548;247608
1549;247553
1550;247465
1551;247432
1552;247386
1553;247457
1554;247532
1555;247429
1556;247453
1557;247381
1558;247379
1559;247557
1560;247520
1561;247384
1562;247379
1563;247477
1564;247456
1565;247482
1566;247501
1567;247459
1568;247509
1569;247571
1570;247591
1571;247676
1572;247618
1573;247712
1574;247650
1575;247667
1576;247741
1577;247705
1578;247715
1579;247705
1580;247765
1581;247772
1582;247706
1583;247784
1584;247785
1585;247641
1586;247703
1587;247724
1588;247664
1589;247670
1590;247501
1591;247521
1592;247668
1593;247568
1594;247613
1595;247661
1596;247705
1597;247587
1598;247635
1599;247703
1600;247706
1601;247748
1602;247715
1603;247629
1604;247668
1605;247683
1606;247758
1607;247654
1608;247691
1609;247617
1610;247762
1611;247594
1612;247612
1613;247636
1614;247665
1615;247642
1616;247785
1617;247646
1618;247615
1619;247750
1620;247689
1621;247751
1622;247707
1623;247717
1624;247681
1625;247639
1626;247637
1627;247604
1628;247655
1629;247624
1630;247409
1631;247372
1632;247388
1633;247410
1634;247327
1635;247283
1636;247282
1637;247305
1638;247346
1639;247394
1640;247264
1641;247332
1642;247378
1643;247406
1644;247516
1645;247408
1646;247444
1647;247380
1648;247317
1649;247355
1650;247178
1651;247103
1652;247141
1653;247004
1654;246958
1655;246972
1656;246986
1657;247116
1658;247089
1659;247155
1660;247184
1661;247281
1662;247306
1663;247121
1664;247103
1665;247127
1666;247075
1667;247195
1668;247254
1669;247254
1670;247281
1671;247211
1672;247329
1673;247275
1674;247351
1675;247278
1676;247308
1677;247238
1678;247294
1679;247174
1680;247258
1681;247181
1682;247153
1683;247178
1684;246942
1685;246962
1686;246957
1687;246892
1688;246798
1689;246825
1690;246953
1691;246837
1692;246884
1693;246925
1694;246801
1695;246737
1696;246820
1697;246743
1698;246701
1699;246676
1700;246704
1701;246704
1702;246629
1703;246753
1704;246916
1705;246912
1706;246932
1707;246916
1708;246935
1709;246852
1710;246810
1711;246803
1712;246884
1713;246870
1714;246671
1715;246616
1716;246612
1717;246691
1718;246689
1719;246866
1720;246834
1721;246783
1722;246876
1723;246966
1724;246799
1725;246734
1726;246687
1727;246669
1728;246718
1729;246621
1730;246547
1731;246456
1732;246631
1733;246739
1734;246855
1735;246887
1736;246969
1737;246821
1738;246750
1739;246614
1740;246617
1741;246615
1742;246560
1743;246594
1744;246612
1745;246646
1746;246703
1747;246701
1748;246639
1749;246640
1750;246683
1751;246765
1752;246758
1753;246712
1754;246793
1755;246796
1756;246807
1757;246865
1758;246791
1759;246928
1760;246840
1761;246869
1762;247033
1763;246815
1764;246960
1765;246950
1766;247021
1767;246986
1768;246861
1769;246956
1770;246939
1771;246936
1772;246985
1773;246986
1774;247000
1775;246928
1776;246869
1777;247029
1778;247005
1779;247028
1780;247014
1781;247065
1782;247030
1783;247023
1784;247147
1785;247071
1786;247124
1787;247044
1788;247081
1789;247269
1790;247324
1791;247368
1792;247345
1793;247355
1794;247383
1795;247454
1796;247315
1797;247416
1798;247494
1799;247474
1800;247502
1801;247360
1802;247223
1803;247318
1804;247342
1805;247403
1806;247440
1807;247400
1808;247398
1809;247371
1810;247423
1811;247498
1812;247483
1813;247421
1814;247490
1815;247570
1816;247531
1817;247645
1818;247599
1819;247529
1820;247602
1821;247594
1822;247653
1823;247680
1824;247603
1825;247640
1826;247661
1827;247753
1828;247755
1829;247692
1830;247658
1831;247723
1832;247780
1833;247679
1834;247745
1835;247804
1836;247673
1837;247583
1838;247760
1839;247634
1840;247652
1841;247853
1842;247910
1843;247742
1844;247801
1845;247738
1846;247788
1847;247782
1848;247762
1849;247692
1850;247793
1851;247756
1852;247881
1853;248030
1854;248064
1855;248115
1856;248045
1857;248118
1858;248120
1859;248109
1860;248110
1861;248147
1862;248123
1863;248152
1864;248160
1865;248061
1866;248137
1867;248109
1868;248005
1869;248161
1870;248076
1871;248015
1872;248094
1873;248195
1874;248244
1875;248221
1876;248103
1877;248101
1878;248030
1879;248084
1880;247987
1881;247932
1882;248005
1883;248131
1884;248152
1885;248163
1886;248109
1887;248078
1888;248083
1889;248122
1890;248156
1891;248157
1892;248254
1893;248339
1894;248320
1895;248352
1896;248404
1897;248280
1898;248260
1899;248338
1900;248359
1901;248413
1902;248311
1903;248250
1904;248319
1905;248367
1906;248406
1907;248377
1908;248313
1909;248238
1910;248320
1911;248217
1912;248232
1913;248228
1914;248180
1915;248237
1916;248286
1917;248346
1918;248147
1919;248198
1920;248250
1921;248318
1922;248338
1923;248264
1924;248228
1925;248216
1926;248176
1927;248257
1928;248332
1929;248255
1930;248276
1931;248374
1932;248354
1933;248442
1934;248465
1935;248541
1936;248496
1937;248423
1938;248547
1939;248567
1940;248684
1941;248610
1942;248608
1943;248528
1944;248496
1945;248460
1946;248379
1947;248507
1948;248610
1949;248678
1950;248732
1951;248606
1952;248617
1953;248695
1954;248633
1955;248672
1956;248746
1957;248774
1958;248888
1959;248771
1960;248837
1961;248947
1962;248957
1963;249007
1964;248828
1965;248995
1966;249077
1967;248999
1968;249006
1969;249086
1970;248950
1971;248944
1972;248945
1973;249069
1974;249193
1975;249119
1976;249019
1977;248916
1978;248958
1979;249094
1980;249058
1981;248976
1982;248954
1983;248965
1984;248863
1985;248933
1986;248855
1987;248994
1988;249054
1989;248997
1990;248872
1991;248842
1992;249071
1993;249160
1994;249226
1995;249114
1996;249155
1997;249163
1998;249147
1999;249061
2000;249183
2001;249120
2002;249132
2003;249178
2004;249071
2005;249276
2006;249259
2007;249300
2008;249376
2009;249440
2010;249558
2011;249466
2012;249456
2013;249487
2014;249456
2015;249441
2016;249467
2017;249428
2018;249451
2019;249465
2020;249490
2021;249344
2022;249491
2023;249300
2024;249358
2025;249458
2026;249336
2027;249374
2028;249442
2029;249392
2030;249494
2031;249394
2032;249370
2033;249298
2034;249325
2035;249412
2036;249439
2037;249372
2038;249459
2039;249486
2040;249496
2041;249627
2042;249619
2043;249495
2044;249511
2045;249376
2046;249305
2047;249241
2048;249094
2049;249221
2050;249163
2051;249235
2052;249248
2053;249221
2054;249096
2055;248967
2056;249017
2057;249045
2058;249148
2059;249000
2060;249013
2061;248938
2062;248937
2063;249037
2064;249066
2065;249102
2066;249005
2067;248987
2068;248954
2069;248862
2070;248972
2071;248995
2072;249037
2073;249041
2074;248958
2075;248953
2076;248915
2077;248866
2078;248760
2079;248838
2080;249001
2081;249101
2082;249047
2083;249083
2084;248927
2085;249084
2086;249098
2087;249113
2088;249109
2089;249164
2090;249219
2091;249243
2092;249236
2093;249087
2094;249161
2095;249169
2096;249302
2097;249197
2098;249120
2099;249176
2100;249215
2101;249085
2102;249127
2103;249176
2104;249365
2105;249428
2106;249448
2107;249480
2108;249469
2109;249477
2110;249336
2111;249412
2112;249471
2113;249429
2114;249519
2115;249457
2116;249349
2117;249265
2118;249347
2119;249348
2120;249376
2121;249486
2122;249499
2123;249501
2124;249330
2125;249411
2126;249424
2127;249304
2128;249232
2129;249269
2130;249265
2131;249210
2132;249336
2133;249310
2134;249257
2135;249296
2136;249178
2137;249193
2138;249201
2139;249232
2140;249121
2141;249245
2142;249334
2143;249209
2144;249390
2145;249370
2146;249297
2147;249366
2148;249371
2149;249327
2150;249371
2151;249493
2152;249589
2153;249694
2154;249576
2155;249640
2156;249715
2157;249768
2158;249755
2159;249643
2160;249830
2161;249796
2162;249819
2163;249658
2164;249709
2165;249645
2166;249705
2167;249694
2168;249705
2169;249565
2170;249618
2171;249370
2172;249327
2173;249436
2174;249432
2175;249464
2176;249402
2177;249426
2178;249421
2179;249429
2180;249508
2181;249582
2182;249623
2183;249564
2184;249466
2185;249453
2186;249480
2187;249547
2188;249528
2189;249406
2190;249415
2191;249402
2192;249405
2193;249434
2194;249228
2195;249310
2196;249434
2197;249323
2198;249327
2199;249370
2200;249386
2201;249428
2202;249378
2203;249318
2204;249297
2205;249209
2206;249214
2207;249237
2208;249154
2209;249168
2210;249187
2211;249236
2212;249272
2213;249243
2214;249246
2215;249192
2216;249218
2217;249340
2218;249263
2219;249155
2220;249123
2221;249179
2222;249222
2223;249204
2224;249118
2225;249115
2226;249094
2227;249107
2228;249074
2229;249047
2230;248992
2231;249122
2232;249111
2233;249259
2234;249176
2235;249248
2236;249165
2237;249293
2238;249402
2239;249475
2240;249478
2241;249423
2242;249406
2243;249379
2244;249368
2245;249389
2246;249393
2247;249378
2248;249338
2249;249476
2250;249508
2251;249492
2252;249546
2253;249706
2254;249655
2255;249629
2256;249550
2257;249516
2258;249486
2259;249552
2260;249517
2261;249410
2262;249488
2263;249547
2264;249505
2265;249488
2266;249513
2267;249552
2268;249528
2269;249531
2270;249552
2271;249583
2272;249651
2273;249724
2274;249745
2275;249687
2276;249676
2277;249720
2278;249652
2279;249635
2280;249775
2281;249838
2282;249692
2283;249729
2284;249734
2285;249772
2286;249874
2287;249837
2288;249812
2289;249892
2290;249905
2291;249936
2292;249996
2293;249964
2294;249824
2295;249790
2296;249752
2297;249770
2298;249873
2299;249937
2300;250112
2301;250082
2302;249996
2303;249953
2304;249886
2305;249806
2306;249886
2307;249998
2308;249980
2309;250053
2310;250051
2311;250009
2312;249954
2313;249934
2314;249932
2315;249936
2316;250037
2317;250120
2318;250143
2319;250022
2320;250222
2321;250223
2322;250302
2323;250336
2324;250344
2325;250270
2326;250280
2327;250313
2328;250457
2329;250428
2330;250339
2331;250466
2332;250495
2333;250478
2334;250490
2335;250454
2336;250360
2337;250366
2338;250291
2339;250145
2340;250159
2341;250203
2342;250178
2343;250348
2344;250297
2345;250285
2346;250279
2347;250299
2348;250357
2349;250338
2350;250386
2351;250393
2352;250450
2353;250544
2354;250525
2355;250502
2356;250549
2357;250572
2358;250621
2359;250666
2360;250707
2361;250760
2362;250785
2363;250719
2364;250762
2365;250762
2366;250784
2367;250770
2368;250907
2369;250756
2370;250776
2371;250818
2372;250693
2373;250707
2374;250691
2375;250701
2376;250718
2377;250803
2378;250820
2379;250837
2380;250835
2381;250886
2382;250849
2383;250929
2384;250899
2385;250892
2386;250899
2387;250921
2388;250975
2389;251006
2390;250981
2391;250988
2392;250942
2393;251000
2394;250904
2395;250942
2396;251007
2397;250959
2398;250949
2399;250995
2400;250917
2401;250828
2402;250843
2403;250826
2404;250850
2405;250900
2406;250901
2407;250901
2408;250910
2409;251011
2410;250984
2411;250959
2412;250839
2413;250885
2414;250915
2415;250947
2416;250826
2417;250739
2418;250670
2419;250732
2420;250773
2421;250813
2422;250762
2423;250682
2424;250671
2425;250690
2426;250626
2427;250621
2428;250713
2429;250719
2430;250567
2431;250565
2432;250664
2433;250722
2434;250841
2435;250818
2436;250758
2437;250827
2438;250869
2439;250902
2440;250993
2441;251020
2442;250968
2443;250952
2444;250939
2445;250907
2446;250766
2447;250787
2448;250766
2449;250678
2450;250664
2451;250706
2452;250653
2453;250655
2454;250613
2455;250579
2456;250672
2457;250693
2458;250580
2459;250464
2460;250438
2461;250410
2462;250459
2463;250484
2464;250480
2465;250487
2466;250482
2467;250527
2468;250423
2469;250481
2470;250510
2471;250492
2472;250481
2473;250471
2474;250466
2475;250578
2476;250540
2477;250533
2478;250504
2479;250465
2480;250546
2481;250526
2482;250485
2483;250438
2484;250406
2485;250450
2486;250409
2487;250366
2488;250438
2489;250281
2490;250351
2491;250343
2492;250238
2493;250258
2494;250211
2495;250190
2496;250236
2497;250312
2498;250221
2499;250240
2500;250094
2501;250234
2502;250166
2503;250263
2504;250237
2505;250235
2506;250421
2507;250453
2508;250458
2509;250433
2510;250233
2511;250164
2512;250250
2513;250230
2514;250124
2515;250175
2516;250309
2517;250396
2518;250394
2519;250358
2520;250291
2521;250364
2522;250374
2523;250445
2524;250478
2525;250419
2526;250453
2527;250421
2528;250298
2529;250179
2530;250208
2531;250162
2532;250403
2533;250407
2534;250403
2535;250284
2536;250381
2537;250356
2538;250285
2539;250183
2540;250254
2541;250242
2542;250274
2543;250350
2544;250419
2545;250397
2546;250423
2547;250347
2548;250464
2549;250418
2550;250468
2551;250283
2552;250416
2553;250427
2554;250372
2555;250536
2556;250490
2557;250313
2558;250342
2559;250401
2560;250419
2561;250423
2562;250438
2563;250426
2564;250325
2565;250451
2566;250351
2567;250363
2568;250312
2569;250335
2570;250378
2571;250421
2572;250497
2573;250433
2574;250368
2575;250432
2576;250477
2577;250350
2578;250304
2579;250368
2580;250261
2581;250282
2582;250269
2583;250257
2584;250318
2585;250272
2586;250323
2587;250379
2588;250443
2589;250503
2590;250486
2591;250445
2592;250430
2593;250411
2594;250401
2595;250287
2596;250284
2597;250328
2598;250329
2599;250208
2600;250338
2601;250203
2602;250131
2603;250039
2604;250088
2605;249975
2606;249940
2607;249909
2608;249976
2609;250005
2610;250064
2611;250075
2612;250159
2613;250093
2614;249975
2615;249876
2616;249860
2617;249814
2618;249884
2619;249847
2620;249818
2621;249823
2622;249821
2623;249916
2624;250003
2625;250055
2626;250053
2627;250039
2628;249995
2629;250059
2630;250070
2631;250095
2632;250081
2633;250034
2634;250086
2635;250026
2636;249947
2637;250041
2638;249974
2639;249953
2640;249891
2641;249874
2642;249969
2643;249971
2644;250004
2645;250094
2646;250034
2647;249996
2648;249977
2649;250015
2650;250027
2651;249982
2652;249984
2653;249991
2654;250123
2655;250032
2656;249932
2657;249844
2658;249983
2659;249973
2660;250049
2661;249973
2662;250029
2663;250042
2664;250130
2665;250091
2666;249981
2667;249986
2668;250032
2669;250023
2670;249959
2671;249954
2672;249849
2673;249871
2674;249831
2675;249867
2676;249803
2677;249816
2678;249881
2679;249902
2680;249901
2681;249865
2682;249859
2683;249905
2684;249964
2685;250033
2686;249970
2687;250016
2688;249995
2689;250030
2690;250002
2691;250003
2692;250045
2693;250131
2694;250111
2695;250023
2696;250126
2697;250178
2698;250177
2699;250171
2700;250159
2701;250130
2702;250123
2703;250128
2704;250101
2705;250148
2706;250174
2707;250176
2708;250155
2709;250083
2710;250109
2711;250082
2712;250079
2713;250198
2714;250180
2715;250197
2716;250096
2717;250004
2718;250032
2719;249981
2720;250025
2721;250055
2722;250030
2723;250041
2724;249947
2725;249859
2726;249837
2727;249875
2728;249985
2729;250019
2730;250031
2731;250127
2732;250172
2733;250117
2734;250096
2735;250115
2736;250146
2737;250179
2738;250132
2739;250114
2740;250053
2741;250101
2742;250089
2743;250049
2744;250075
2745;250031
2746;250080
2747;250182
2748;250131
2749;250000
2750;250110
2751;250053
2752;250030
2753;250073
2754;250119
2755;250188
2756;250246
2757;250167
2758;250265
2759;250231
2760;250233
2761;250196
2762;250213
2763;250199
2764;250140
2765;250140
2766;250154
2767;250034
2768;250041
2769;250080
2770;249951
2771;249982
2772;250096
2773;250005
2774;249915
2775;249931
2776;249957
2777;249990
2778;249986
2779;250006
2780;250023
2781;250052
2782;250029
2783;249958
2784;249880
2785;249878
2786;249917
2787;249937
2788;249841
2789;249869
2790;249824
2791;249782
2792;249822
2793;249812
2794;249827
2795;249919
2796;249984
2797;249951
2798;249928
2799;249936
2800;249818
2801;249825
2802;249737
2803;249710
2804;249796
2805;249913
2806;249877
2807;249791
2808;249696
2809;249704
2810;249762
2811;249790
2812;249746
2813;249755
2814;249756
2815;249541
2816;249661
2817;249710
2818;249707
2819;249724
2820;249698
2821;249699
2822;249744
2823;249771
2824;249711
2825;249608
2826;249495
2827;249465
2828;249441
2829;249495
2830;249497
2831;249390
2832;249487
2833;249560
2834;249617
2835;249548
2836;249661
2837;249575
2838;249420
2839;249320
2840;249380
2841;249424
2842;249293
2843;249296
2844;249268
2845;249244
2846;249181
2847;249119
2848;249063
2849;248983
2850;248951
2851;248966
2852;248953
2853;249004
2854;248913
2855;248852
2856;248988
2857;248979
2858;249071
2859;248937
2860;248748
2861;248884
2862;248916
2863;248868
2864;248957
2865;248764
2866;248664
2867;248671
2868;248795
2869;248709
2870;248723
2871;248697
2872;248610
2873;248668
2874;248609
2875;248649
2876;248721
2877;248681
2878;248638
2879;248619
2880;248652
2881;248556
2882;248708
2883;248631
2884;248493
2885;248547
2886;248696
2887;248709
2888;248697
2889;248610
2890;248592
2891;248601
2892;248738
2893;248762
2894;248751
2895;248690
2896;248701
2897;248795
2898;248744
2899;248802
2900;248683
2901;248708
2902;248856
2903;248721
2904;248800
2905;248695
2906;248833
2907;248976
2908;248906
2909;248935
2910;248884
2911;248904
2912;248824
2913;248721
2914;248634
2915;248700
2916;248726
2917;248801
2918;248851
2919;248833
2920;248826
2921;248727
2922;248754
2923;248750
2924;248804
2925;248766
2926;248776
2927;248823
2928;248843
2929;248818
2930;248863
2931;248880
2932;248918
2933;248819
2934;248827
2935;248840
2936;248798
2937;248631
2938;248606
2939;248645
2940;248609
2941;248630
2942;248589
2943;248627
2944;248645
2945;248690
2946;248622
2947;248623
2948;248542
2949;248699
2950;248739
2951;248704
2952;248629
2953;248691
2954;248841
2955;248983
2956;248942
2957;249015
2958;248980
2959;248817
2960;248794
2961;248772
2962;248830
2963;248717
2964;248778
2965;248781
2966;248771
2967;248670
2968;248618
2969;248624
2970;248507
2971;248462
2972;248605
2973;248593
2974;248419
2975;248410
2976;248387
2977;248452
2978;248420
2979;248389
2980;248493
2981;248482
2982;248451
2983;248475
2984;248384
2985;248466
2986;248419
2987;248558
2988;248655
2989;248617
2990;248515
2991;248548
2992;248551
2993;248515
2994;248698
2995;248726
2996;248714
2997;248689
2998;248722
2999;248753
3000;248786
3001;248800
3002;248801
3003;248768
3004;248734
3005;248708
3006;248728
3007;248788
3008;248795
3009;248788
3010;248698
3011;248581
3012;248748
3013;248727
3014;248646
3015;248520
3016;248536
3017;248542
3018;248456
3019;248395
3020;248354
3021;248520
3022;248532
3023;248431
3024;248522
3025;248545
3026;248478
3027;248455
3028;248497
3029;248463
3030;248399
3031;248431
3032;248446
3033;248473
3034;248430
3035;248572
3036;248512
3037;248518
3038;248595
3039;248525
3040;248426
3041;248450
3042;248367
3043;248445
3044;248417
3045;248517
3046;248574
3047;248507
3048;248461
3049;248449
3050;248350
3051;248361
3052;248432
3053;248356
3054;248287
3055;248303
3056;248452
3057;248361
3058;248386
3059;248445
3060;248489
3061;248607
3062;248486
3063;248460
3064;248383
3065;248377
3066;248397
3067;248377
3068;248309
3069;248151
3070;248158
3071;248249
3072;248196
3073;248281
3074;248275
3075;248362
3076;248198
3077;248198
3078;248259
3079;248259
3080;248286
3081;248275
3082;248190
3083;248062
3084;247937
3085;247984
3086;247978
3087;247974
3088;247981
3089;247906
3090;247790
3091;247966
3092;247956
3093;247803
3094;247794
3095;247770
3096;247925
3097;247927
3098;247981
3099;247840
3100;247750
3101;247786
3102;247869
3103;247758
3104;247874
3105;247813
3106;247835
3107;247954
3108;248145
3109;248094
3110;248027
3111;247999
3112;247951
3113;248090
3114;248110
3115;248020
3116;248087
3117;248144
3118;247974
3119;248054
3120;248090
3121;248238
3122;248267
3123;248313
3124;248417
3125;248317
3126;248184
3127;248177
3128;248161
3129;248220
3130;248261
3131;248013
3132;247964
3133;248008
3134;247994
3135;248007
3136;248063
3137;248046
3138;248099
3139;248075
3140;248014
3141;248106
3142;248048
3143;247975
3144;247989
3145;247950
3146;247911
3147;247974
3148;247969
3149;247911
3150;247928
3151;247910
3152;247921
3153;247910
3154;247916
3155;247885
3156;247912
3157;247930
3158;247967
3159;248002
3160;248004
3161;248002
3162;247916
3163;248036
3164;247979
3165;247893
3166;247858
3167;247923
3168;247946
3169;247935
3170;247951
3171;247906
3172;247999
3173;248093
3174;248010
3175;247906
3176;247987
3177;247927
3178;247977
3179;248045
3180;247952
3181;248018
3182;247967
3183;248031
3184;247993
3185;247924
3186;247902
3187;247772
3188;247779
3189;247883
3190;247898
3191;247830
3192;247839
3193;247823
3194;247968
3195;248001
3196;247995
3197;248083
3198;248056
3199;248125
3200;248142
3201;248171
3202;248045
3203;247899
3204;247842
3205;247804
3206;247859
3207;247926
3208;247921
3209;247873
3210;247826
3211;247674
3212;247749
3213;247711
3214;247765
3215;247680
3216;247766
3217;247509
3218;247521
3219;247570
3220;247457
3221;247484
3222;247677
3223;247618
3224;247510
3225;247605
3226;247438
3227;247468
3228;247457
3229;247484
3230;247565
3231;247594
3232;247598
3233;247468
3234;247577
3235;247561
3236;247502
3237;247460
3238;247512
3239;247492
3240;247534
3241;247593
3242;247524
3243;247574
3244;247617
3245;247571
3246;247586
3247;247550
3248;247588
3249;247581
3250;247539
3251;247576
3252;247624
3253;247648
3254;247712
3255;247583
3256;247666
3257;247675
3258;247656
3259;247747
3260;247753
3261;247855
3262;247828
3263;247847
3264;247884
3265;247941
3266;247911
3267;247900
3268;247910
3269;247952
3270;247938
3271;247761
3272;247726
3273;247776
3274;247835
3275;247816
3276;247845
3277;247844
3278;247958
3279;247863
3280;247894
3281;248069
3282;248047
3283;247926
3284;247899
3285;247915
3286;247938
3287;247940
3288;248034
3289;248035
3290;248014
3291;248066
3292;248081
3293;248081
3294;247997
3295;248062
3296;248037
3297;248061
3298;248093
3299;248053
3300;248111
3301;247981
3302;248092
3303;248052
3304;247939
3305;248017
3306;248091
3307;248124
3308;248080
3309;248206
3310;248247
3311;248324
3312;248320
3313;248198
3314;248227
3315;248173
3316;248179
3317;248145
3318;248090
3319;248108
3320;248099
3321;248035
3322;248118
3323;248154
3324;248132
3325;248027
3326;248009
3327;247955
3328;247953
3329;247984
3330;248082
3331;248033
3332;247919
3333;247870
3334;247962
3335;247965
3336;248059
3337;248034
3338;248020
3339;247945
3340;247928
3341;247760
3342;247839
3343;247798
3344;247862
3345;247850
3346;247774
3347;247755
3348;247651
3349;247558
3350;247543
3351;247458
3352;247549
3353;247447
3354;247385
3355;247463
3356;247492
3357;247584
3358;247614
3359;247583
3360;247740
3361;247704
3362;247719
3363;247809
3364;247819
3365;247861
3366;247904
3367;247893
3368;247866
3369;247865
3370;247767
3371;247747
3372;247661
3373;247761
3374;247707
3375;247767
3376;247686
3377;247712
3378;247769
3379;247725
3380;247762
3381;247675
3382;247750
3383;247713
3384;247738
3385;247745
3386;247699
3387;247770
3388;247686
3389;247656
3390;247687
3391;247622
3392;247691
3393;247748
3394;247678
3395;247683
3396;247792
3397;247766
3398;247878
3399;247774
3400;247802
3401;247883
3402;247827
3403;247652
3404;247668
3405;247609
3406;247509
3407;247537
3408;247493
3409;247529
3410;247619
3411;247525
3412;247563
3413;247703
3414;247671
3415;247688
3416;247742
3417;247683
3418;247623
3419;247669
3420;247584
3421;247592
3422;247594
3423;247592
3424;247510
3425;247508
3426;247498
3427;247526
3428;247516
3429;247414
3430;247476
3431;247464
3432;247361
3433;247533
3434;247538
3435;247515
3436;247499
3437;247507
3438;247412
3439;247450
3440;247542
3441;247631
3442;247521
3443;247489
3444;247403
3445;247518
3446;247641
3447;247664
3448;247732
3449;247667
3450;247580
3451;247681
3452;247616
3453;247635
3454;247658
3455;247642
3456;247720
3457;247757
3458;247672
3459;247664
3460;247836
3461;247567
3462;247527
3463;247567
3464;247566
3465;247638
3466;247536
3467;247653
3468;247609
3469;247610
3470;247623
3471;247485
3472;247411
3473;247415
3474;247369
3475;247522
3476;247495
3477;247449
3478;247521
3479;247554
3480;247547
3481;247506
3482;247462
3483;247346
3484;247378
3485;247495
3486;247446
3487;247415
3488;247388
3489;247505
3490;247513
3491;247396
3492;247407
3493;247471
3494;247313
3495;247159
3496;247296
3497;247371
3498;247208
3499;247288
3500;247177
3501;247302
3502;247228
3503;247304
3504;247261
3505;247304
3506;247398
3507;247323
3508;247310
3509;247365
3510;247240
3511;247184
3512;247210
3513;247261
3514;247291
3515;247285
3516;247298
3517;247147
3518;247191
3519;247358
3520;247307
3521;247307
3522;247207
3523;247060
3524;247054
3525;247140
3526;247192
3527;247121
3528;247220
3529;247111
3530;247026
3531;247037
3532;247140
3533;247127
3534;247132
3535;247147
3536;247178
3537;247089
3538;247082
3539;247009
3540;247060
3541;247005
3542;247149
3543;247251
3544;247254
3545;247159
3546;247235
3547;247154
3548;247201
3549;247143
3550;247118
3551;247168
3552;247171
3553;247300
3554;247288
3555;247252
3556;247283
3557;247267
3558;247225
3559;247001
3560;246982
3561;247033
3562;247215
3563;247215
3564;247231
3565;247307
3566;247250
3567;247267
3568;247409
3569;247397
3570;247399
3571;247443
3572;247412
3573;247404
3574;247409
3575;247330
3576;247316
3577;247343
3578;247439
3579;247507
3580;247474
3581;247502
3582;247478
3583;247485
3584;247519
3585;247475
3586;247379
3587;247439
3588;247501
3589;247507
3590;247529
3591;247509
3592;247374
3593;247406
3594;247289
3595;247400
3596;247414
3597;247323
3598;247447
3599;247306
3600;247476
3601;247455
3602;247560
3603;247633
3604;247610
3605;247551
3606;247468
3607;247506
3608;247472
3609;247449
3610;247471
3611;247453
3612;247466
3613;247480
3614;247426
3615;247463
3616;247428
3617;247430
3618;247341
3619;247383
3620;247425
3621;247423
3622;247406
3623;247445
3624;247483
3625;247456
3626;247427
3627;247438
3628;247531
3629;247555
3630;247574
3631;247583
3632;247629
3633;247581
3634;247650
3635;247677
3636;247722
3637;247677
3638;247821
3639;247859
3640;247686
3641;247773
3642;247718
3643;247782
3644;247804
3645;247926
3646;247810
3647;247983
3648;247967
3649;247754
3650;247789
3651;247920
3652;247896
3653;247808
3654;247836
3655;247919
3656;247833
3657;247921
3658;248086
3659;247926
3660;247964
3661;247983
3662;248079
3663;248033
3664;248012
3665;248026
3666;248243
3667;248121
3668;248068
3669;248051
3670;248019
3671;248066
3672;248157
3673;248231
3674;248244
3675;248210
3676;248282
3677;248308
3678;248318
3679;248306
3680;248347
3681;248488
3682;248361
3683;248348
3684;248290
3685;248317
3686;248320
3687;248321
3688;248317
3689;248316
3690;248411
3691;248571
3692;248626
3693;248523
3694;248593
3695;248587
3696;248545
3697;248382
3698;248491
3699;248510
3700;248497
3701;248476
3702;248645
3703;248620
3704;248586
3705;248590
3706;248554
3707;248552
3708;248505
3709;248662
3710;248563
3711;248554
3712;248545
3713;248491
3714;248426
3715;248371
3716;248463
3717;248517
3718;248494
3719;248472
3720;248416
3721;248451
3722;248390
3723;248467
3724;248614
3725;248547
3726;248466
3727;248658
3728;248726
3729;248720
3730;248637
3731;248601
3732;248589
3733;248612
3734;248574
3735;248537
3736;248495
3737;248461
3738;248367
3739;248326
3740;248320
3741;248257
3742;248261
3743;248248
3744;248266
3745;248258
3746;248285
3747;248322
3748;248287
3749;248275
3750;248270
3751;248247
3752;248272
3753;248345
3754;248387
3755;248339
3756;248325
3757;248363
3758;248360
3759;248272
3760;248138
3761;248170
3762;248157
3763;248206
3764;248117
3765;248039
3766;248174
3767;248176
3768;248147
3769;248132
3770;248189
3771;248177
3772;248211
3773;248279
3774;248313
3775;248230
3776;248076
3777;248033
3778;248056
3779;248059
3780;248131
3781;248200
3782;248139
3783;248101
3784;248135
3785;248101
3786;248111
3787;248096
3788;248106
3789;248010
3790;248047
3791;248135
3792;248104
3793;248097
3794;248041
3795;248051
3796;248215
3797;248211
3798;248072
3799;248142
3800;248102
3801;248181
3802;248142
3803;248077
3804;248181
3805;248048
3806;248046
3807;248111
3808;248146
3809;248110
3810;248195
3811;248172
3812;248123
3813;248153
3814;248098
3815;248131
3816;248233
3817;248147
3818;248208
3819;248163
3820;248154
3821;248183
3822;248205
3823;248254
3824;248305
3825;248251
3826;248214
3827;248267
3828;248254
3829;248124
3830;248041
3831;248062
3832;248075
3833;248209
3834;248208
3835;248004
3836;248110
3837;248016
3838;248022
3839;247990
3840;247767
3841;247698
3842;247808
3843;247711
3844;247793
3845;247854
3846;247819
3847;247807
3848;247805
3849;247605
3850;247688
3851;247647
3852;247578
3853;247591
3854;247575
3855;247748
3856;247792
3857;247803
3858;247685
3859;247742
3860;247714
3861;247790
3862;247907
3863;247821
3864;247847
3865;247876
3866;247800
3867;247803
3868;247699
3869;247655
3870;247721
3871;247886
3872;247701
3873;247640
3874;247681
3875;247726
3876;247557
3877;247516
3878;247673
3879;247728
3880;247597
3881;247567
3882;247601
3883;247543
3884;247551
3885;247596
3886;247627
3887;247642
3888;247665
3889;247575
3890;247692
3891;247697
3892;247679
3893;247657
3894;247649
3895;247666
3896;247620
3897;247662
3898;247681
3899;247612
3900;247587
3901;247666
3902;247622
3903;247636
3904;247566
3905;247598
3906;247619
3907;247674
3908;247663
3909;247648
3910;247669
3911;247651
3912;247721
3913;247658
3914;247678
3915;247556
3916;247605
3917;247462
3918;247518
3919;247403
3920;247415
3921;247511
3922;247540
3923;247657
3924;247582
3925;247487
3926;247362
3927;247357
3928;247249
3929;247288
3930;247318
3931;247392
3932;247440
3933;247408
3934;247326
3935;247371
3936;247310
3937;247307
3938;247513
3939;247475
3940;247430
3941;247330
3942;247342
3943;247328
3944;247332
3945;247380
3946;247517
3947;247421
3948;247450
3949;247570
3950;247661
3951;247570
3952;247579
3953;247551
3954;247522
3955;247547
3956;247625
3957;247450
3958;247601
3959;247673
3960;247660
3961;247488
3962;247524
3963;247586
3964;247538
3965;247577
3966;247598
3967;247542
3968;247556
3969;247454
3970;247366
3971;247448
3972;247290
3973;247289
3974;247255
3975;247191
3976;247317
3977;247397
3978;247322
3979;247249
3980;247229
3981;247161
3982;247155
3983;247050
3984;247219
3985;247063
3986;246992
3987;247153
3988;247202
3989;247097
3990;247046
3991;247153
3992;247231
3993;247171
3994;247026
3995;247129
3996;247116
3997;247156
3998;247043
3999;247083
4000;247045
4001;247107
4002;247066
4003;247027
4004;247103
4005;247061
4006;247018
4007;247090
4008;247153
4009;247168
4010;247215
4011;247241
4012;247258
4013;247219
4014;247232
4015;247342
4016;247320
4017;247304
4018;247345
4019;247358
4020;247448
4021;247496
4022;247451
4023;247369
4024;247369
4025;247441
4026;247397
4027;247397
4028;247525
4029;247494
4030;247315
4031;247250
4032;247265
4033;247223
4034;247186
4035;247117
4036;247082
4037;247267
4038;247179
4039;247019
4040;247109
4041;247113
4042;247197
4043;247297
4044;247240
4045;247124
4046;247110
4047;247052
4048;247130
4049;247158
4050;247124
4051;247067
4052;247044
4053;247087
4054;247085
4055;247033
4056;247053
4057;246981
4058;247060
4059;247087
4060;247165
4061;247104
4062;246938
4063;246940
4064;246811
4065;246736
4066;246766
4067;246796
4068;246808
4069;246857
4070;246894
4071;246799
4072;246841
4073;246896
4074;246948
4075;247092
4076;247095
4077;247082
4078;247058
4079;247134
4080;247110
4081;247238
4082;247014
4083;247016
4084;247081
4085;247100
4086;247138
4087;247116
4088;247085
4089;247020
4090;246911
4091;246948
4092;247017
4093;247099
4094;247132
4095;247220
4096;247199
4097;247074
4098;247185
4099;247069
4100;247044
4101;247026
4102;247115
4103;247159
4104;247167
4105;247192
4106;247254
4107;247273
4108;247395
4109;247490
4110;247402
4111;247362
4112;247429
4113;247354
4114;247501
4115;247388
4116;247315
4117;247357
4118;247329
4119;247378
4120;247388
4121;247423
4122;247401
4123;247456
4124;247374
4125;247357
4126;247304
4127;247140
4128;247149
4129;247114
4130;247181
4131;247351
4132;247318
4133;247301
4134;247330
4135;247234
4136;247359
4137;247262
4138;247270
4139;247170
4140;247260
4141;247175
4142;247216
4143;247119
4144;247216
4145;247209
4146;247301
4147;247237
4148;247280
4149;247340
4150;247240
4151;247207
4152;247238
4153;247198
4154;247239
4155;247117
4156;247146
4157;247222
4158;247273
4159;247300
4160;247262
4161;247122
4162;247134
4163;247246
4164;247251
4165;247220
4166;247118
4167;247152
4168;247182
4169;247210
4170;247207
4171;247310
4172;247411
4173;247395
4174;247422
4175;247421
4176;247533
4177;247561
4178;247473
4179;247433
4180;247447
4181;247439
4182;247615
4183;247491
4184;247501
4185;247487
4186;247488
4187;247447
4188;247524
4189;247503
4190;247548
4191;247478
4192;247427
4193;247435
4194;247441
4195;247533
4196;247488
4197;247524
4198;247528
4199;247433
4200;247468
4201;247462
4202;247421
4203;247449
4204;247575
4205;247619
4206;247670
4207;247547
4208;247557
4209;247561
4210;247517
4211;247409
4212;247459
4213;247449
4214;247535
4215;247524
4216;247500
4217;247458
4218;247353
4219;247456
4220;247349
4221;247296
4222;247332
4223;247410
4224;247336
4225;247480
4226;247320
4227;247377
4228;247358
4229;247255
4230;247311
4231;247397
4232;247397
4233;247446
4234;247492
4235;247477
4236;247282
4237;247257
4238;247436
4239;247376
4240;247366
4241;247380
4242;247432
4243;247329
4244;247406
4245;247453
4246;247468
4247;247493
4248;247518
4249;247425
4250;247294
4251;247253
4252;247122
4253;247112
4254;247083
4255;247066
4256;247152
4257;247153
4258;247148
4259;247236
4260;247261
4261;247235
4262;247217
4263;247170
4264;247078
4265;247116
4266;247147
4267;247115
4268;247251
4269;247221
4270;247166
4271;247241
4272;247105
4273;247101
4274;246992
4275;247045
4276;247089
4277;247237
4278;247302
4279;247348
4280;247334
4281;247276
4282;247173
4283;247253
4284;247252
4285;247250
4286;247295
4287;247314
4288;247183
4289;247205
4290;247263
4291;247212
4292;247188
4293;247274
4294;247305
4295;247336
4296;247281
4297;247368
4298;247394
4299;247322
4300;247395
4301;247430
4302;247311
4303;247265
4304;247173
4305;247187
4306;247265
4307;247322
4308;247217
4309;247252
4310;247141
4311;247068
4312;247129
4313;247136
4314;247251
4315;247172
4316;247176
4317;247204
4318;247126
4319;247180
4320;247143
4321;247026
4322;247014
4323;247025
4324;247120
4325;247051
4326;246994
4327;247033
4328;247001
4329;246992
4330;247072
4331;247122
4332;246983
4333;247081
4334;247019
4335;246916
4336;247009
4337;247142
4338;247006
4339;247195
4340;247129
4341;247072
4342;247093
4343;247150
4344;247060
4345;247171
4346;247169
4347;247148
4348;247229
4349;247081
4350;247232
4351;247181
4352;247074
4353;247104
4354;247198
4355;247109
4356;247072
4357;247176
4358;247101
4359;247091
4360;247098
4361;247261
4362;247270
4363;247212
4364;247276
4365;247244
4366;247359
4367;247174
4368;247181
4369;247165
4370;247175
4371;247209
4372;247165
4373;247242
4374;247176
4375;247133
4376;247026
4377;247233
4378;247204
4379;247270
4380;247084
4381;247029
4382;246962
4383;247037
4384;247055
4385;247032
4386;247049
4387;246983
4388;247159
4389;247024
4390;246969
4391;247107
4392;247038
4393;247095
4394;246939
4395;247041
4396;247029
4397;247094
4398;247274
4399;247066
4400;247052
4401;247042
4402;247038
4403;247106
4404;247026
4405;247044
4406;246983
4407;246933
4408;246892
4409;247041
4410;247092
4411;246976
4412;246818
4413;246788
4414;246860
4415;246759
4416;246546
4417;246661
4418;246663
4419;246611
4420;246633
4421;246722
4422;246816
4423;246648
4424;246605
4425;246672
4426;246678
4427;246532
4428;246592
4429;246545
4430;246479
4431;246590
4432;246697
4433;246496
4434;246487
4435;246476
4436;246445
4437;246541
4438;246657
4439;246688
4440;246765
4441;246665
4442;246653
4443;246636
4444;246620
4445;246772
4446;246743
4447;246611
4448;246667
4449;246654
4450;246562
4451;246710
4452;246733
4453;246745
4454;246801
4455;246809
4456;246858
4457;246726
4458;246741
4459;246695
4460;246822
4461;246747
4462;246969
4463;246968
4464;246861
4465;246994
4466;246967
4467;246868
4468;246960
4469;246943
4470;246895
4471;246916
4472;246941
4473;247046
4474;247219
4475;247108
4476;247138
4477;247126
4478;247172
4479;247183
4480;247189
4481;247241
4482;247145
4483;247122
4484;247085
4485;247189
4486;247100
4487;247235
4488;247165
4489;247213
4490;247248
4491;247214
4492;247281
4493;247196
4494;247308
4495;247370
4496;247370
4497;247329
4498;247404
4499;247331
4500;247382
4501;247435
4502;247357
4503;247348
4504;247429
4505;247528
4506;247421
4507;247348
4508;247459
4509;247516
4510;247307
4511;247503
4512;247409
4513;247283
4514;247387
4515;247357
4516;247438
4517;247335
4518;247382
4519;247391
4520;247416
4521;247448
4522;247566
4523;247441
4524;247510
4525;247451
4526;247498
4527;247538
4528;247414
4529;247406
4530;247392
4531;247454
4532;247423
4533;247511
4534;247482
4535;247437
4536;247410
4537;247499
4538;247468
4539;247517
4540;247432
4541;247446
4542;247363
4543;247498
4544;247441
4545;247517
4546;247464
4547;247481
4548;247354
4549;247524
4550;247631
4551;247561
4552;247522
4553;247557
4554;247531
4555;247559
4556;247535
4557;247425
4558;247569
4559;247529
4560;247599
4561;247527
4562;247517
4563;247500
4564;247455
4565;247523
4566;247428
4567;247405
4568;247344
4569;247431
4570;247479
4571;247490
4572;247489
4573;247588
4574;247495
4575;247500
4576;247443
4577;247576
4578;247434
4579;247513
4580;247458
4581;247553
4582;247548
4583;247521
4584;247473
4585;247474
4586;247523
4587;247488
4588;247546
4589;247526
4590;247439
4591;247409
4592;247416
4593;247339
4594;247377
4595;247482
4596;247483
4597;247544
4598;247489
4599;247340
4600;247340
4601;247325
4602;247301
4603;247351
4604;247331
4605;247326
4606;247353
4607;247382
4608;247346
4609;247251
4610;247319
4611;247318
4612;247313
4613;247344
4614;247376
4615;247429
4616;247503
4617;247485
4618;247453
4619;247471
4620;247391
4621;247503
4622;247433
4623;247529
4624;247539
4625;247518
4626;247480
4627;247436
4628;247354
4629;247386
4630;247367
4631;247289
4632;247230
4633;247141
4634;247276
4635;247196
4636;247187
4637;247230
4638;247099
4639;247218
4640;247334
4641;247347
4642;247331
4643;247269
4644;247386
4645;247316
4646;247396
4647;247354
4648;247400
4649;247419
4650;247416
4651;247478
4652;247503
4653;247647
4654;247592
4655;247561
4656;247485
4657;247517
4658;247456
4659;247382
4660;247440
4661;247443
4662;247500
4663;247566
4664;247495
4665;247467
4666;247361
4667;247414
4668;247411
4669;247521
4670;247490
4671;247558
4672;247414
4673;247389
4674;247446
4675;247457
4676;247441
4677;247570
4678;247624
4679;247637
4680;247559
4681;247528
4682;247599
4683;247495
4684;247519
4685;247595
4686;247617
4687;247561
4688;247571
4689;247640
4690;247615
4691;247575
4692;247534
4693;247473
4694;247446
4695;247325
4696;247469
4697;247571
4698;247543
4699;247549
4700;247584
4701;247672
4702;247716
4703;247645
4704;247606
4705;247600
4706;247500
4707;247595
4708;247695
4709;247627
4710;247606
4711;247605
4712;247750
4713;247763
4714;247740
4715;247761
4716;247754
4717;247768
4718;247727
4719;247689
4720;247798
4721;247558
4722;247476
4723;247569
4724;247589
4725;247445
4726;247387
4727;247292
4728;247473
4729;247577
4730;247488
4731;247623
4732;247601
4733;247490
4734;247392
4735;247455
4736;247314
4737;247306
4738;247426
4739;247437
4740;247589
4741;247633
4742;247576
4743;247609
4744;247650
4745;247674
4746;247603
4747;247763
4748;247673
4749;247667
4750;247690
4751;247732
4752;247778
4753;247859
4754;247845
4755;247780
4756;247759
4757;247736
4758;247786
4759;247909
4760;247864
4761;247742
4762;247888
4763;247832
4764;247863
4765;247765
4766;247751
4767;247853
4768;247803
4769;247875
4770;247882
4771;247832
4772;247909
4773;247938
4774;247956
4775;248045
4776;248122
4777;247873
4778;248033
4779;247855
4780;247956
4781;248116
4782;248071
4783;248074
4784;248149
4785;248034
4786;248109
4787;248027
4788;248121
4789;248194
4790;248141
4791;248299
4792;248159
4793;248089
4794;248044
4795;247864
4796;247859
4797;247885
4798;247966
4799;247789
4800;247879
4801;247888
4802;247871
4803;247812
4804;247777
4805;247745
4806;247838
4807;247825
4808;247772
4809;247861
4810;247880
4811;247888
4812;247787
4813;247765
4814;247809
4815;247861
4816;247977
4817;247804
4818;247688
4819;247592
4820;247640
4821;247746
4822;247759
4823;247721
4824;247770
4825;247752
4826;247733
4827;247813
4828;247811
4829;247880
4830;247919
4831;247833
4832;247813
4833;247849
4834;247783
4835;247736
4836;247819
4837;247827
4838;248049
4839;247970
4840;247823
4841;247663
4842;247611
4843;247666
4844;247712
4845;247642
4846;247655
4847;247675
4848;247615
4849;247673
4850;247507
4851;247477
4852;247554
4853;247514
4854;247566
4855;247504
4856;247583
4857;247625
4858;247764
4859;247740
4860;247918
4861;248073
4862;248027
4863;248126
4864;248074
4865;248070
4866;247993
4867;247997
4868;248037
4869;248039
4870;247932
4871;247932
4872;247851
4873;247814
4874;247830
4875;247893
4876;247903
4877;247994
4878;248041
4879;247906
4880;247955
4881;248069
4882;248096
4883;248062
4884;248084
4885;248019
4886;248124
4887;248048
4888;248135
4889;248084
4890;247941
4891;248058
4892;247968
4893;248160
4894;248035
4895;247846
4896;247802
4897;247943
4898;248037
4899;247929
4900;247895
4901;247897
4902;247973
4903;248021
4904;247865
4905;247861
4906;247889
4907;247845
4908;247982
4909;247901
4910;247812
4911;247824
4912;248021
4913;247857
4914;247959
4915;247937
4916;247955
4917;248014
4918;247987
4919;247995
4920;248023
4921;248148
4922;248175
4923;248106
4924;248101
4925;248068
4926;248144
4927;247925
4928;247770
4929;247822
4930;247796
4931;247813
4932;247648
4933;247666
4934;247607
4935;247792
4936;247838
4937;247832
4938;247819
4939;247815
4940;247952
4941;247814
4942;247795
4943;247827
4944;247799
4945;247815
4946;247814
4947;247734
4948;247856
4949;247860
4950;247858
4951;247962
4952;248019
4953;248001
4954;248056
4955;248070
4956;247978
4957;247987
4958;247988
4959;247793
4960;247792
4961;247864
4962;247723
4963;247802
4964;247733
4965;247766
4966;247884
4967;247942
4968;248055
4969;248022
4970;247884
4971;247926
4972;248021
4973;248054
4974;248028
4975;247941
4976;247964
4977;248047
4978;247987
4979;248046
4980;247986
4981;247872
4982;247938
4983;247952
4984;247817
4985;247939
4986;247936
4987;247875
4988;247869
4989;247927
4990;247947
4991;247731
4992;247823
4993;247733
4994;247793
4995;247742
4996;247652
4997;247659
4998;247632
4999;247627
5000;247630
5001;247539
5002;247600
5003;247677
5004;247654
5005;247762
5006;247686
5007;247777
5008;247731
5009;247704
5010;247739
5011;247882
5012;247821
5013;247788
5014;247879
5015;247853
5016;247824
5017;247855
5018;247807
5019;247778
5020;247733
5021;247814
5022;247905
5023;247920
5024;248049
5025;247972
5026;248063
5027;248051
5028;248093
5029;248180
5030;248210
5031;248117
5032;248128
5033;248067
5034;248037
5035;248120
5036;248089
5037;248116
5038;248287
5039;248217
5040;248139
5041;248081
5042;247933
5043;247975
5044;248064
5045;248069
5046;248157
5047;248167
5048;248271
5049;248119
5050;248150
5051;248193
5052;248237
5053;248249
5054;248238
5055;248139
5056;248086
5057;248097
5058;248164
5059;248184
5060;248151
5061;248138
5062;248146
5063;248179
5064;248108
5065;248078
5066;248131
5067;248052
5068;247940
5069;247942
5070;247965
5071;248048
5072;248107
5073;248055
5074;248000
5075;248113
5076;248121
5077;247986
5078;247976
5079;247921
5080;247958
5081;247882
5082;248017
5083;248105
5084;248019
5085;247981
5086;247946
5087;247813
5088;247997
5089;247903
5090;247895
5091;247821
5092;247808
5093;247900
5094;247954
5095;248024
5096;247964
5097;247961
5098;247897
5099;247919
5100;247926
5101;247914
5102;247812
5103;247939
5104;247958
5105;247996
5106;248090
5107;248048
5108;248037
5109;248011
5110;248064
5111;248054
5112;248047
5113;248090
5114;248087
5115;248126
5116;248099
5117;248209
5118;248236
5119;248197
5120;248178
5121;248164
5122;248106
5123;248030
5124;248069
5125;248003
5126;248095
5127;248144
5128;247951
5129;248048
5130;247994
5131;247943
5132;247990
5133;247946
5134;247985
5135;248036
5136;248145
5137;248165
5138;248194
5139;247976
5140;247935
5141;248014
5142;247983
5143;248106
5144;248174
5145;248182
5146;248194
5147;248224
5148;248190
5149;248099
5150;248074
5151;248028
5152;248043
5153;248122
5154;248088
5155;247952
5156;248019
5157;248037
5158;247928
5159;247926
5160;248036
5161;248029
5162;248035
5163;248140
5164;248108
5165;248091
5166;248083
5167;248025
5168;248028
5169;247963
5170;248048
5171;248051
5172;248146
5173;247957
5174;247958
5175;247996
5176;247968
5177;247819
5178;247891
5179;247978
5180;247910
5181;247876
5182;247890
5183;247829
5184;247856
5185;247961
5186;248051
5187;248006
5188;247957
5189;248015
5190;248046
5191;248157
5192;247969
5193;248013
5194;247993
5195;248063
5196;247975
5197;247933
5198;247973
5199;247911
5200;247990
5201;247942
5202;248022
5203;248063
5204;247991
5205;248007
5206;248006
5207;247976
5208;248005
5209;248043
5210;247922
5211;247907
5212;247987
5213;248026
5214;247935
5215;247915
5216;247886
5217;247785
5218;247889
5219;247899
5220;247885
5221;247928
5222;247895
5223;247918
5224;247963
5225;247816
5226;247890
5227;247803
5228;247791
5229;247967
5230;247831
5231;247925
5232;247921
5233;248001
5234;247948
5235;247952
5236;247900
5237;247921
5238;248054
5239;247969
5240;247971
5241;247884
5242;247800
5243;247778
5244;247625
5245;247750
5246;247628
5247;247746
5248;247717
5249;247841
5250;247865
5251;247880
5252;247858
5253;247850
5254;247849
5255;247784
5256;247931
5257;247863
5258;247802
5259;247818
5260;247753
5261;247862
5262;247792
5263;247733
5264;247725
5265;247686
5266;247835
5267;247687
5268;247783
5269;247647
5270;247595
5271;247416
5272;247379
5273;247406
5274;247338
5275;247369
5276;247434
5277;247412
5278;247405
5279;247408
5280;247316
5281;247554
5282;247538
5283;247544
5284;247444
5285;247293
5286;247330
5287;247340
5288;247331
5289;247253
5290;247374
5291;247476
5292;247496
5293;247475
5294;247566
5295;247381
5296;247349
5297;247400
5298;247379
5299;247393
5300;247464
5301;247491
5302;247519
5303;247507
5304;247478
5305;247514
5306;247571
5307;247621
5308;247602
5309;247527
5310;247608
5311;247650
5312;247616
5313;247595
5314;247527
5315;247723
5316;247734
5317;247612
5318;247672
5319;247705
5320;247784
5321;247773
5322;247851
5323;247845
5324;247684
5325;247676
5326;247702
5327;247737
5328;247660
5329;247661
5330;247688
5331;247663
5332;247680
5333;247613
5334;247677
5335;247512
5336;247477
5337;247282
5338;247372
5339;247378
5340;247456
5341;247383
5342;247360
5343;247297
5344;247267
5345;247322
5346;247329
5347;247293
5348;247294
5349;247303
5350;247337
5351;247430
5352;247411
5353;247432
5354;247416
5355;247477
5356;247608
5357;247560
5358;247540
5359;247649
5360;247624
5361;247586
5362;247412
5363;247384
5364;247470
5365;247414
5366;247407
5367;247412
5368;247358
5369;247195
5370;247249
5371;247089
5372;247095
5373;247118
5374;247152
5375;247149
5376;247246
5377;247234
5378;247174
5379;247119
5380;247081
5381;247249
5382;247227
5383;247268
5384;247162
5385;247194
5386;247249
5387;247174
5388;247088
5389;247126
5390;247140
5391;247166
5392;247242
5393;247135
5394;247246
5395;247077
5396;247080
5397;247043
5398;247004
5399;246980
5400;246867
5401;246850
5402;246752
5403;246789
5404;246800
5405;246823
5406;246762
5407;246768
5408;246780
5409;246725
5410;246913
5411;246881
5412;246831
5413;246874
5414;246838
5415;246889
5416;246873
5417;246948
5418;246863
5419;246929
5420;246815
5421;246799
5422;246836
5423;246848
5424;246921
5425;247002
5426;247013
5427;247029
5428;247025
5429;247048
5430;247075
5431;247007
5432;247046
5433;247051
5434;247110
5435;247103
5436;247146
5437;247130
5438;247065
5439;247058
5440;247057
5441;246976
5442;246936
5443;246945
5444;247031
5445;246983
5446;247070
5447;247044
5448;246932
5449;246935
5450;247139
5451;247060
5452;247090
5453;247026
5454;247030
5455;246990
5456;247118
5457;247102
5458;247136
5459;247060
5460;247090
5461;246994
5462;246997
5463;247020
5464;247000
5465;247014
5466;247067
5467;247078
5468;247050
5469;247211
5470;247061
5471;247129
5472;247155
5473;247147
5474;247083
5475;247025
5476;247020
5477;246978
5478;247175
5479;247131
5480;247163
5481;247071
5482;247177
5483;247186
5484;247224
5485;247039
5486;247074
5487;247045
5488;246998
5489;246900
5490;246990
5491;247032
5492;247020
5493;247014
5494;246886
5495;246882
5496;246829
5497;246856
5498;246914
5499;246930
5500;246872
5501;246872
5502;246851
5503;246858
5504;246811
5505;246919
5506;246987
5507;247041
5508;247013
5509;246941
5510;246924
5511;246947
5512;247012
5513;247094
5514;247016
5515;247059
5516;246995
5517;247140
5518;247094
5519;247067
5520;247027
5521;247075
5522;247221
5523;247221
5524;247132
5525;247141
5526;247130
5527;247129
5528;247001
5529;247053
5530;247100
5531;247043
5532;247111
5533;247059
5534;247239
5535;247184
5536;247160
5537;247079
5538;247038
5539;247102
5540;247152
5541;247118
5542;247078
5543;247186
5544;247241
5545;247138
5546;247157
5547;246926
5548;247032
5549;247146
5550;247141
5551;247192
5552;247173
5553;247088
5554;246995
5555;246955
5556;246861
5557;246915
5558;246913
5559;247026
5560;247052
5561;247006
5562;246987
5563;247035
5564;247016
5565;247093
5566;246962
5567;246855
5568;246931
5569;246703
5570;246831
5571;246753
5572;246714
5573;246876
5574;246796
5575;246738
5576;246743
5577;246874
5578;246857
5579;246951
5580;246914
5581;247055
5582;247035
5583;246990
5584;246954
5585;246866
5586;246809
5587;246910
5588;246845
5589;246920
5590;246904
5591;246790
5592;246856
5593;246760
5594;246771
5595;246677
5596;246700
5597;246638
5598;246734
5599;246872
5600;246822
5601;246684
5602;246761
5603;246821
5604;246783
5605;246750
5606;246750
5607;246709
5608;246607
5609;246573
5610;246606
5611;246637
5612;246664
5613;246668
5614;246918
5615;246871
5616;246869
5617;247035
5618;246966
5619;246897
5620;246862
5621;246848
5622;246891
5623;246894
5624;247014
5625;246873
5626;246895
5627;246872
5628;246892
5629;246768
5630;246810
5631;246784
5632;246855
5633;246722
5634;246805
5635;246831
5636;246832
5637;246770
5638;246736
5639;246628
5640;246655
5641;246656
5642;246808
5643;246773
5644;246749
5645;246732
5646;246701
5647;246690
5648;246775
5649;246779
5650;246737
5651;246684
5652;246765
5653;246952
5654;246868
5655;246971
5656;247000
5657;246941
5658;246957
5659;246917
5660;247014
5661;246933
5662;246858
5663;246853
5664;246752
5665;246735
5666;246750
5667;246715
5668;246737
5669;246654
5670;246722
5671;246764
5672;246681
5673;246650
5674;246647
5675;246494
5676;246396
5677;246483
5678;246759
5679;246730
5680;246603
5681;246597
5682;246703
5683;246735
5684;246650
5685;246633
5686;246670
5687;246672
5688;246679
5689;246458
5690;246669
5691;246658
5692;246758
5693;246606
5694;246517
5695;246598
5696;246431
5697;246463
5698;246406
5699;246431
5700;246501
5701;246525
5702;246590
5703;246669
5704;246750
5705;246516
5706;246543
5707;246447
5708;246472
5709;246385
5710;246505
5711;246614
5712;246640
5713;246606
5714;246598
5715;246558
5716;246610
5717;246557
5718;246558
5719;246753
5720;246828
5721;246688
5722;246648
5723;246509
5724;246523
5725;246562
5726;246604
5727;246647
5728;246644
5729;246658
5730;246757
5731;246644
5732;246780
5733;246805
5734;246678
5735;246699
5736;246702
5737;246810
5738;246813
5739;246822
5740;246790
5741;246808
5742;246713
5743;246749
5744;246529
5745;246490
5746;246647
5747;246658
5748;246604
5749;246645
5750;246705
5751;246619
5752;246576
5753;246565
5754;246582
5755;246599
5756;246571
5757;246627
5758;246668
5759;246638
5760;246681
5761;246680
5762;246552
5763;246579
5764;246631
5765;246550
5766;246522
5767;246569
5768;246530
5769;246634
5770;246622
5771;246564
5772;246565
5773;246601
5774;246437
5775;246407
5776;246571
5777;246574
5778;246560
5779;246548
5780;246540
5781;246517
5782;246453
5783;246485
5784;246549
5785;246542
5786;246502
5787;246575
5788;246712
5789;246648
5790;246521
5791;246600
5792;246626
5793;246607
5794;246595
5795;246621
5796;246589
5797;246525
5798;246461
5799;246470
5800;246622
5801;246608
5802;246400
5803;246389
5804;246494
5805;246486
5806;246460
5807;246527
5808;246614
5809;246537
5810;246552
5811;246598
5812;246604
5813;246745
5814;246712
5815;246589
5816;246607
5817;246666
5818;246523
5819;246568
5820;246614
5821;246675
5822;246699
5823;246740
5824;246742
5825;246758
5826;246790
5827;246719
5828;246632
5829;246551
5830;246540
5831;246459
5832;246632
5833;246651
5834;246561
5835;246528
5836;246454
5837;246516
5838;246461
5839;246567
5840;246587
5841;246689
5842;246716
5843;246608
5844;246572
5845;246555
5846;246476
5847;246610
5848;246554
5849;246501
5850;246590
5851;246466
5852;246527
5853;246505
5854;246411
5855;246326
5856;246470
5857;246444
5858;246366
5859;246549
5860;246516
5861;246517
5862;246471
5863;246474
5864;246389
5865;246366
5866;246283
5867;246304
5868;246420
5869;246412
5870;246334
5871;246360
5872;246200
5873;246165
5874;246206
5875;246117
5876;246115
5877;246196
5878;246288
5879;246316
5880;246318
5881;246360
5882;246333
5883;246231
5884;246070
5885;246058
5886;245935
5887;246026
5888;245996
5889;245897
5890;245977
5891;246058
5892;246037
5893;246060
5894;245967
5895;245972
5896;245935
5897;245984
5898;246032
5899;245984
5900;245915
5901;246022
5902;245978
5903;245988
5904;246098
5905;246123
5906;246222
5907;246084
5908;245958
5909;246059
5910;245956
5911;245990
5912;245899
5913;245864
5914;245871
5915;245944
5916;245942
5917;246038
5918;245850
5919;245827
5920;245924
5921;245910
5922;245899
5923;246022
5924;245840
5925;245813
5926;245819
5927;245792
5928;245708
5929;245710
5930;245731
5931;245748
5932;245720
5933;245792
5934;245709
5935;245677
5936;245728
5937;245614
5938;245632
5939;245712
5940;245786
5941;245896
5942;245830
5943;245816
5944;245780
5945;245617
5946;245686
5947;245651
5948;245659
5949;245689
5950;245629
5951;245647
5952;245683
5953;245748
5954;245643
5955;245707
5956;245602
5957;245628
5958;245703
5959;245757
5960;245761
5961;245704
5962;245720
5963;245735
5964;245674
5965;245657
5966;245667
5967;245790
5968;245886
5969;245898
5970;245851
5971;245877
5972;245896
5973;245911
5974;245959
5975;246018
5976;245990
5977;245932
5978;245934
5979;245958
5980;245902
5981;245799
5982;245783
5983;245748
5984;245780
5985;245853
5986;245941
5987;246026
5988;246054
5989;245928
5990;246031
5991;246010
5992;245943
5993;245902
5994;246000
5995;245844
5996;245922
5997;245938
5998;246025
5999;245981
6000;246074
6001;246204
6002;246079
6003;246078
6004;245987
6005;245965
6006;246039
6007;246093
6008;246144
6009;246056
6010;246025
6011;246057
6012;245952
6013;245977
6014;245987
6015;245939
6016;245949
6017;246060
6018;246008
6019;246029
6020;246056
6021;245973
6022;245941
6023;245822
6024;245800
6025;245720
6026;245812
6027;245832
6028;245837
6029;245768
6030;245827
6031;245989
6032;245910
6033;245885
6034;245661
6035;245650
6036;245606
6037;245493
6038;245545
6039;245632
6040;245590
6041;245493
6042;245607
6043;245493
6044;245461
6045;245438
6046;245437
6047;245559
6048;245592
6049;245527
6050;245618
6051;245661
6052;245752
6053;245816
6054;245873
6055;245911
6056;245807
6057;245790
6058;245907
6059;245920
6060;245827
6061;245786
6062;245747
6063;245885
6064;245781
6065;245789
6066;245547
6067;245441
6068;245554
6069;245427
6070;245581
6071;245479
6072;245520
6073;245443
6074;245547
6075;245535
6076;245762
6077;245758
6078;245718
6079;245897
6080;245819
6081;245734
6082;245689
6083;245771
6084;245755
6085;245753
6086;245668
6087;245740
6088;245720
6089;245654
6090;245602
6091;245583
6092;245492
6093;245553
6094;245523
6095;245528
6096;245483
6097;245556
6098;245654
6099;245669
6100;245669
6101;245824
6102;245717
6103;245696
6104;245680
6105;245655
6106;245595
6107;245600
6108;245505
6109;245561
6110;245499
6111;245455
6112;245412
6113;245559
6114;245473
6115;245425
6116;245570
6117;245567
6118;245528
6119;245342
6120;245415
6121;245511
6122;245485
6123;245448
6124;245354
6125;245465
6126;245286
6127;245412
6128;245364
6129;245451
6130;245444
6131;245380
6132;245363
6133;245452
6134;245495
6135;245400
6136;245499
6137;245419
6138;245514
6139;245569
6140;245464
6141;245583
6142;245624
6143;245573
6144;245623
6145;245604
6146;245586
6147;245584
6148;245617
6149;245557
6150;245521
6151;245664
6152;245466
6153;245410
6154;245397
6155;245378
6156;245340
6157;245321
6158;245316
6159;245188
6160;245251
6161;245330
6162;245278
6163;245202
6164;245309
6165;245311
6166;245265
6167;245305
6168;245317
6169;245372
6170;245314
6171;245353
6172;245353
6173;245235
6174;245203
6175;245264
6176;245345
6177;245361
6178;245444
6179;245460
6180;245320
6181;245337
6182;245255
6183;245345
6184;245367
6185;245414
6186;245264
6187;245421
6188;245220
6189;245298
6190;245275
6191;245222
6192;245249
6193;245341
6194;245350
6195;245343
6196;245330
6197;245410
6198;245406
6199;245308
6200;245418
6201;245307
6202;245289
6203;245276
6204;245244
6205;245412
6206;245349
6207;245261
6208;245198
6209;245192
6210;245222
6211;245188
6212;245218
6213;245254
6214;245292
6215;245122
6216;245113
6217;245102
6218;245115
6219;244971
6220;244942
6221;244964
6222;245106
6223;245064
6224;245011
6225;245139
6226;245167
6227;245067
6228;245116
6229;245026
6230;244935
6231;245076
6232;245069
6233;244918
6234;244885
6235;244993
6236;244888
6237;244860
6238;244744
6239;244923
6240;244923
6241;244869
6242;244862
6243;244893
6244;244957
6245;245010
6246;244890
6247;244858
6248;244899
6249;244935
6250;245070
6251;245002
6252;245016
6253;245069
6254;245085
6255;245135
6256;244989
6257;245038
6258;245113
6259;245005
6260;245016
6261;245012
6262;245195
6263;245096
6264;245188
6265;245175
6266;245088
6267;245047
6268;244934
6269;244958
6270;245114
6271;245022
6272;245024
6273;244804
6274;244946
6275;244784
6276;244771
6277;244845
6278;244825
6279;244834
6280;244867
6281;244995
6282;245063
6283;245155
6284;245285
6285;245238
6286;245254
6287;245135
6288;245057
6289;245184
6290;245200
6291;245164
6292;245137
6293;245187
6294;245207
6295;245212
6296;245239
6297;245300
6298;245167
6299;245082
6300;245034
6301;245052
6302;245071
6303;245128
6304;245215
6305;245293
6306;245165
6307;245073
6308;245081
6309;245076
6310;245061
6311;245024
6312;245122
6313;245141
6314;245058
6315;244945
6316;245037
6317;245086
6318;245154
6319;245238
6320;245213
6321;245233
6322;245351
6323;245282
6324;245161
6325;245236
6326;245108
6327;245119
6328;245151
6329;245209
6330;245126
6331;245078
6332;244938
6333;244974
6334;244932
6335;245065
6336;245011
6337;244951
6338;244958
6339;244958
6340;245047
6341;245062
6342;245052
6343;244996
6344;245067
6345;245195
6346;245062
6347;245096
6348;245018
6349;245089
6350;245038
6351;245045
6352;245050
6353;245206
6354;244999
6355;244947
6356;244956
6357;244979
6358;244967
6359;244940
6360;244881
6361;245022
6362;245063
6363;244959
6364;245080
6365;245035
6366;245124
6367;245209
6368;245258
6369;245225
6370;245228
6371;245086
6372;245058
6373;244972
6374;244954
6375;244984
6376;244998
6377;245028
6378;245057
6379;245051
6380;245026
6381;244767
6382;244680
6383;244766
6384;244805
6385;244809
6386;244824
6387;244849
6388;245012
6389;244939
6390;244977
6391;244927
6392;245087
6393;244927
6394;245054
6395;245054
6396;245098
6397;244906
6398;245035
6399;245074
6400;245125
6401;245290
6402;245223
6403;245070
6404;245006
6405;245130
6406;245195
6407;245129
6408;245102
6409;245071
6410;245170
6411;245162
6412;245288
6413;245255
6414;245219
6415;245215
6416;245118
6417;245234
6418;245125
6419;245200
6420;244926
6421;244926
6422;245000
6423;245008
6424;245105
6425;245140
6426;245232
6427;245185
6428;245174
6429;245048
6430;245017
6431;244998
6432;245064
6433;245176
6434;245059
6435;245148
6436;245104
6437;245069
6438;245097
6439;245042
6440;245005
6441;244975
6442;245085
6443;244996
6444;245043
6445;245019
6446;245073
6447;245016
6448;245060
6449;245043
6450;245003
6451;245004
6452;244968
6453;244837
6454;244941
6455;244967
6456;244951
6457;244918
6458;244924
6459;244849
6460;244713
6461;244840
6462;244851
6463;244972
6464;244950
6465;245012
6466;244989
6467;245024
6468;245018
6469;244916
6470;244930
6471;245131
6472;245029
6473;245158
6474;245224
6475;245170
6476;245228
6477;245213
6478;245219
6479;245192
6480;245330
6481;245292
6482;245402
6483;245223
6484;245483
6485;245387
6486;245166
6487;245299
6488;245451
6489;245477
6490;245418
6491;245542
6492;245503
6493;245569
6494;245597
6495;245534
6496;245611
6497;245735
6498;245709
6499;245608
6500;245465
6501;245424
6502;245517
6503;245512
6504;245488
6505;245510
6506;245453
6507;245341
6508;245235
6509;245174
6510;245304
6511;245206
6512;245336
6513;245276
6514;245381
6515;245392
6516;245283
6517;245406
6518;245252
6519;245278
6520;245246
6521;245452
6522;245444
6523;245358
6524;245317
6525;245257
6526;245356
6527;245368
6528;245382
6529;245173
6530;245244
6531;245330
6532;245475
6533;245354
6534;245344
6535;245285
6536;245279
6537;245287
6538;245312
6539;245220
6540;245222
6541;245217
6542;245268
6543;245346
6544;245355
6545;245387
6546;245378
6547;245379
6548;245540
6549;245430
6550;245391
6551;245406
6552;245418
6553;245466
6554;245433
6555;245229
6556;245285
6557;245298
6558;245351
6559;245365
6560;245390
6561;245132
6562;245200
6563;245078
6564;245204
6565;245241
6566;245310
6567;245326
6568;245223
6569;245172
6570;245237
6571;245030
6572;244994
6573;244944
6574;245081
6575;245031
6576;245090
6577;245089
6578;245064
6579;244997
6580;245074
6581;244922
6582;245095
6583;245021
6584;245032
6585;245060
6586;245050
6587;245043
6588;245037
6589;245052
6590;245142
6591;245152
6592;245155
6593;245162
6594;245215
6595;245304
6596;245082
6597;245075
6598;245020
6599;245084
6600;245101
6601;245118
6602;245161
6603;245140
6604;245080
6605;245001
6606;245010
6607;244966
6608;244945
6609;244909
6610;244970
6611;245023
6612;245099
6613;244971
6614;244927
6615;244922
6616;245007
6617;244989
6618;244904
6619;244854
6620;244840
6621;244884
6622;244866
6623;244927
6624;244836
6625;244963
6626;245017
6627;244946
6628;244865
6629;244753
6630;244693
6631;244644
6632;244603
6633;244638
6634;244638
6635;244468
6636;244452
6637;244501
6638;244644
6639;244686
6640;244720
6641;244589
6642;244482
6643;244570
6644;244536
6645;244625
6646;244632
6647;244724
6648;244692
6649;244805
6650;244761
6651;244766
6652;244809
6653;244711
6654;244614
6655;244604
6656;244501
6657;244449
6658;244457
6659;244421
6660;244376
6661;244478
6662;244562
6663;244571
6664;244564
6665;244502
6666;244452
6667;244381
6668;244440
6669;244403
6670;244371
6671;244471
6672;244404
6673;244371
6674;244480
6675;244449
6676;244386
6677;244422
6678;244449
6679;244491
6680;244539
6681;244640
6682;244578
6683;244469
6684;244426
6685;244494
6686;244461
6687;244424
6688;244379
6689;244323
6690;244358
6691;244420
6692;244437
6693;244379
6694;244380
6695;244345
6696;244308
6697;244247
6698;244245
6699;244245
6700;244277
6701;244054
6702;243981
6703;244024
6704;244059
6705;244162
6706;244103
6707;244072
6708;244070
6709;244089
6710;244013
6711;243874
6712;243973
6713;244017
6714;243927
6715;243951
6716;243962
6717;243990
6718;243890
6719;243789
6720;243818
6721;243786
6722;243708
6723;243735
6724;243747
6725;243810
6726;243776
6727;243720
6728;243881
6729;243880
6730;243815
6731;243768
6732;243638
6733;243449
6734;243501
6735;243479
6736;243529
6737;243479
6738;243645
6739;243595
6740;243467
6741;243586
6742;243714
6743;243543
6744;243483
6745;243576
6746;243481
6747;243471
6748;243499
6749;243573
6750;243590
6751;243598
6752;243505
6753;243539
6754;243448
6755;243524
6756;243506
6757;243539
6758;243547
6759;243490
6760;243520
6761;243438
6762;243330
6763;243487
6764;243412
6765;243361
6766;243483
6767;243561
6768;243568
6769;243613
6770;243521
6771;243483
6772;243547
6773;243434
6774;243533
6775;243529
6776;243570
6777;243553
6778;243519
6779;243650
6780;243653
6781;243536
6782;243649
6783;243742
6784;243633
6785;243640
6786;243648
6787;243597
6788;243604
6789;243599
6790;243579
6791;243584
6792;243523
6793;243561
6794;243540
6795;243603
6796;243621
6797;243666
6798;243592
6799;243616
6800;243631
6801;243619
6802;243624
6803;243809
6804;243550
6805;243488
6806;243557
6807;243648
6808;243737
6809;243764
6810;243784
6811;243787
6812;243804
6813;243878
6814;243777
6815;243766
6816;243742
6817;243798
6818;243700
6819;243657
6820;243611
6821;243684
6822;243622
6823;243603
6824;243711
6825;243699
6826;243640
6827;243677
6828;243767
6829;243667
6830;243580
6831;243649
6832;243626
6833;243651
6834;243612
6835;243667
6836;243553
6837;243535
6838;243601
6839;243707
6840;243626
6841;243496
6842;243564
6843;243438
6844;243450
6845;243489
6846;243460
6847;243537
6848;243598
6849;243534
6850;243459
6851;243517
6852;243536
6853;243513
6854;243522
6855;243560
6856;243472
6857;243546
6858;243556
6859;243439
6860;243603
6861;243587
6862;243553
6863;243483
6864;243480
6865;243488
6866;243367
6867;243301
6868;243307
6869;243331
6870;243242
6871;243205
6872;243213
6873;243244
6874;243148
6875;243132
6876;243259
6877;243224
6878;243289
6879;243211
6880;243274
6881;243206
6882;243183
6883;243198
6884;243225
6885;243246
6886;243129
6887;243198
6888;243125
6889;243111
6890;243161
6891;243133
6892;243165
6893;243206
6894;243198
6895;243222
6896;243220
6897;243409
6898;243431
6899;243443
6900;243317
6901;243397
6902;243382
6903;243392
6904;243362
6905;243461
6906;243523
6907;243517
6908;243533
6909;243513
6910;243581
6911;243555
6912;243520
6913;243616
6914;243638
6915;243694
6916;243528
6917;243564
6918;243628
6919;243609
6920;243625
6921;243588
6922;243545
6923;243542
6924;243592
6925;243590
6926;243640
6927;243611
6928;243701
6929;243642
6930;243716
6931;243639
6932;243527
6933;243782
6934;243738
6935;243641
6936;243702
6937;243667
6938;243640
6939;243516
6940;243562
6941;243408
6942;243425
6943;243446
6944;243422
6945;243504
6946;243430
6947;243455
6948;243535
6949;243505
6950;243495
6951;243511
6952;243562
6953;243424
6954;243482
6955;243586
6956;243455
6957;243433
6958;243410
6959;243448
6960;243332
6961;243298
6962;243337
6963;243224
6964;243137
6965;243215
6966;243171
6967;243267
6968;243354
6969;243292
6970;243184
6971;243055
6972;243007
6973;243040
6974;243180
6975;243182
6976;243073
6977;242965
6978;242966
6979;242945
6980;243063
6981;243150
6982;243237
6983;243030
6984;243075
6985;242949
6986;242999
6987;242980
6988;242997
6989;242978
6990;243013
6991;242939
6992;242925
6993;242916
6994;243013
6995;243147
6996;243094
6997;242975
6998;242912
6999;242952
7000;243078
7001;243004
7002;243050
7003;243058
7004;243081
7005;243015
7006;242990
7007;242976
7008;243072
7009;243082
7010;243132
7011;243226
7012;243193
7013;243232
7014;243171
7015;243103
7016;243141
7017;243136
7018;243152
7019;243201
7020;243116
7021;243111
7022;243104
7023;243097
7024;243131
7025;242948
7026;243177
7027;243046
7028;243251
7029;243281
7030;243202
7031;243403
7032;243351
7033;243349
7034;243152
7035;243130
7036;243173
7037;243303
7038;243355
7039;243195
7040;243301
7041;243241
7042;243280
7043;243294
7044;243269
7045;243226
7046;243348
7047;243360
7048;243262
7049;243399
7050;243360
7051;243401
7052;243450
7053;243496
7054;243518
7055;243362
7056;243401
7057;243261
7058;243228
7059;243132
7060;243211
7061;243244
7062;243178
7063;243306
7064;243269
7065;243316
7066;243261
7067;243400
7068;243480
7069;243469
7070;243617
7071;243532
7072;243669
7073;243817
7074;243708
7075;243677
7076;243604
7077;243593
7078;243535
7079;243537
7080;243521
7081;243607
7082;243596
7083;243639
7084;243583
7085;243620
7086;243741
7087;243665
7088;243776
7089;243915
7090;243882
7091;243764
7092;243763
7093;243787
7094;243789
7095;243837
7096;243953
7097;244004
7098;243977
7099;243989
7100;243957
7101;244056
7102;243958
7103;243862
7104;243783
7105;243791
7106;243714
7107;243700
7108;243739
7109;243824
7110;243911
7111;243821
7112;243886
7113;243919
7114;243870
7115;243794
7116;243821
7117;243807
7118;243686
7119;243957
7120;243943
7121;243872
7122;243910
7123;243798
7124;243754
7125;243725
7126;243793
7127;243818
7128;243830
7129;243765
7130;243827
7131;243627
7132;243593
7133;243689
7134;243709
7135;243663
7136;243605
7137;243591
7138;243702
7139;243695
7140;243784
7141;243761
7142;243648
7143;243723
7144;243640
7145;243670
7146;243560
7147;243564
7148;243519
7149;243454
7150;243545
7151;243460
7152;243496
7153;243359
7154;243333
7155;243279
7156;243299
7157;243358
7158;243455
7159;243454
7160;243400
7161;243550
7162;243404
7163;243422
7164;243465
7165;243504
7166;243450
7167;243442
7168;243535
7169;243466
7170;243609
7171;243531
7172;243490
7173;243610
7174;243493
7175;243438
7176;243425
7177;243288
7178;243167
7179;243295
7180;243407
7181;243584
7182;243521
7183;243504
7184;243436
7185;243447
7186;243453
7187;243444
7188;243468
7189;243556
7190;243546
7191;243484
7192;243458
7193;243506
7194;243524
7195;243657
7196;243545
7197;243607
7198;243553
7199;243494
7200;243625
7201;243631
7202;243578
7203;243566
7204;243425
7205;243432
7206;243411
7207;243491
7208;243318
7209;243375
7210;243359
7211;243375
7212;243471
7213;243317
7214;243347
7215;243279
7216;243258
7217;243336
7218;243376
7219;243236
7220;243281
7221;243207
7222;243208
7223;243193
7224;243073
7225;243141
7226;243231
7227;243231
7228;243183
7229;243316
7230;243130
7231;243147
7232;243268
7233;243033
7234;243058
7235;243073
7236;243085
7237;243211
7238;243163
7239;243178
7240;243222
7241;242971
7242;243069
7243;243105
7244;243014
7245;243025
7246;243077
7247;243039
7248;242958
7249;243011
7250;243051
7251;242989
7252;242888
7253;242946
7254;242991
7255;242843
7256;242782
7257;242812
7258;242944
7259;242760
7260;242810
7261;242700
7262;242748
7263;242715
7264;242741
7265;242635
7266;242732
7267;242698
7268;242595
7269;242657
7270;242660
7271;242686
7272;242746
7273;242767
7274;242719
7275;242718
7276;242766
7277;242705
7278;242552
7279;242597
7280;242601
7281;242682
7282;242672
7283;242668
7284;242638
7285;242588
7286;242652
7287;242578
7288;242616
7289;242679
7290;242706
7291;242647
7292;242784
7293;242649
7294;242552
7295;242688
7296;242633
7297;242589
7298;242689
7299;242711
7300;242804
7301;242765
7302;242761
7303;242830
7304;242803
7305;242687
7306;242823
7307;242815
7308;242645
7309;242732
7310;242744
7311;242882
7312;242751
7313;242808
7314;242800
7315;242754
7316;242759
7317;242875
7318;242935
7319;242937
7320;243002
7321;243029
7322;242973
7323;243037
7324;243077
7325;243019
7326;242973
7327;243038
7328;243020
7329;243091
7330;242952
7331;242969
7332;242962
7333;242962
7334;242952
7335;242854
7336;242847
7337;242931
7338;243023
7339;242988
7340;243059
7341;243137
7342;242952
7343;242964
7344;242857
7345;242776
7346;242950
7347;242987
7348;242942
7349;242919
7350;242853
7351;242994
7352;242905
7353;242965
7354;242993
7355;242941
7356;242879
7357;242924
7358;242713
7359;242788
7360;242826
7361;242901
7362;242836
7363;242779
7364;242711
7365;242640
7366;242842
7367;242758
7368;242658
7369;242758
7370;242643
7371;242576
7372;242623
7373;242466
7374;242325
7375;242279
7376;242340
7377;242423
7378;242370
7379;242428
7380;242401
7381;242350
7382;242245
7383;242298
7384;242355
7385;242320
7386;242298
7387;242374
7388;242327
7389;242352
7390;242386
7391;242351
7392;242395
7393;242423
7394;242495
7395;242600
7396;242473
7397;242406
7398;242443
7399;242419
7400;242427
7401;242463
7402;242384
7403;242496
7404;242533
7405;242592
7406;242564
7407;242571
7408;242548
7409;242509
7410;242375
7411;242356
7412;242412
7413;242433
7414;242373
7415;242333
7416;242391
7417;242376
7418;242378
7419;242491
7420;242532
7421;242513
7422;242536
7423;242535
7424;242620
7425;242572
7426;242420
7427;242457
7428;242587
7429;242602
7430;242648
7431;242691
7432;242772
7433;242801
7434;242876
7435;242706
7436;242605
7437;242606
7438;242800
7439;242843
7440;242736
7441;242735
7442;242853
7443;242879
7444;242808
7445;242931
7446;242982
7447;242957
7448;242884
7449;242883
7450;242962
7451;242798
7452;242791
7453;242838
7454;242782
7455;242854
7456;242778
7457;242773
7458;242750
7459;242741
7460;242767
7461;242858
7462;242849
7463;242780
7464;242820
7465;242753
7466;242932
7467;242897
7468;242925
7469;242988
7470;243071
7471;243032
7472;242993
7473;242976
7474;242976
7475;242977
7476;242903
7477;243018
7478;242998
7479;242911
7480;242999
7481;243033
7482;243024
7483;242957
7484;243012
7485;243156
7486;242944
7487;242950
7488;242782
7489;242976
7490;242985
7491;242934
7492;242821
7493;242877
7494;242912
7495;242896
7496;243055
7497;242995
7498;242907
7499;242815
7500;242822
7501;242800
7502;242788
7503;242753
7504;242714
7505;242772
7506;242817
7507;242739
7508;242795
7509;242889
7510;242901
7511;242783
7512;242648
7513;242698
7514;242608
7515;242662
7516;242618
7517;242501
7518;242525
7519;242546
7520;242440
7521;242478
7522;242726
7523;242613
7524;242520
7525;242487
7526;242553
7527;242444
7528;242439
7529;242552
7530;242552
7531;242543
7532;242321
7533;242413
7534;242452
7535;242344
7536;242380
7537;242432
7538;242400
7539;242465
7540;242387
7541;242223
7542;242224
7543;242258
7544;242281
7545;242297
7546;242038
7547;242024
7548;242126
7549;241999
7550;241961
7551;242087
7552;241974
7553;241941
7554;242093
7555;242029
7556;241904
7557;242064
7558;242047
7559;242084
7560;241911
7561;241987
7562;242103
7563;241923
7564;241968
7565;242026
7566;242013
7567;242011
7568;241981
7569;242056
7570;241947
7571;242010
7572;242031
7573;242031
7574;242066
7575;242053
7576;242048
7577;242053
7578;242090
7579;241981
7580;242056
7581;241969
7582;242025
7583;242120
7584;242065
7585;242020
7586;242084
7587;242050
7588;242072
7589;242110
7590;241988
7591;241955
7592;241852
7593;242065
7594;242117
7595;242108
7596;242048
7597;242117
7598;242149
7599;242185
7600;242179
7601;242147
7602;242155
7603;242071
7604;242132
7605;242167
7606;242164
7607;242099
7608;241904
7609;242080
7610;241971
7611;242077
7612;242019
7613;241912
7614;241798
7615;241910
7616;242021
7617;241947
7618;241977
7619;241711
7620;241530
7621;241609
7622;241523
7623;241500
7624;241454
7625;241512
7626;241483
7627;241520
7628;241629
7629;241640
7630;241610
7631;241644
7632;241702
7633;241610
7634;241675
7635;241662
7636;241572
7637;241839
7638;241814
7639;241765
7640;241901
7641;241810
7642;241882
7643;241837
7644;241884
7645;241883
7646;241804
7647;242005
7648;241942
7649;242012
7650;241971
7651;241899
7652;241866
7653;241914
7654;241901
7655;241787
7656;241720
7657;241780
7658;241937
7659;241938
7660;241980
7661;241888
7662;241862
7663;241896
7664;241846
7665;241846
7666;241782
7667;241830
7668;242016
7669;242074
7670;242070
7671;242079
7672;242079
7673;242110
7674;242012
7675;242030
7676;242019
7677;242093
7678;242199
7679;242177
7680;242112
7681;242157
7682;241967
7683;242114
7684;242009
7685;242100
7686;242000
7687;241993
7688;241985
7689;241990
7690;242171
7691;242035
7692;241872
7693;241919
7694;242062
7695;241921
7696;242021
7697;242102
7698;242272
7699;242257
7700;242174
7701;242244
7702;242272
7703;242265
7704;242269
7705;242240
7706;242279
7707;242314
7708;242363
7709;242449
7710;242506
7711;242506
7712;242585
7713;242272
7714;242314
7715;242235
7716;242297
7717;242370
7718;242327
7719;242352
7720;242303
7721;242291
7722;242198
7723;242385
7724;242454
7725;242466
7726;242513
7727;242344
7728;242445
7729;242476
7730;242468
7731;242533
7732;242471
7733;242350
7734;242341
7735;242372
7736;242435
7737;242538
7738;242467
7739;242538
7740;242435
7741;242369
7742;242370
7743;242526
7744;242427
7745;242359
7746;242432
7747;242440
7748;242203
7749;242304
7750;242347
7751;242329
7752;242408
7753;242417
7754;242349
7755;242446
7756;242445
7757;242402
7758;242510
7759;242590
7760;242493
7761;242449
7762;242452
7763;242381
7764;242446
7765;242535
7766;242386
7767;242498
7768;242564
7769;242561
7770;242498
7771;242460
7772;242408
7773;242326
7774;242410
7775;242498
7776;242499
7777;242407
7778;242505
7779;242604
7780;242672
7781;242635
7782;242653
7783;242676
7784;242843
7785;242788
7786;242847
7787;242757
7788;242723
7789;242636
7790;242736
7791;242629
7792;242826
7793;242892
7794;242873
7795;242721
7796;242528
7797;242554
7798;242550
7799;242651
7800;242603
7801;242627
7802;242599
7803;242609
7804;242584
7805;242705
7806;242875
7807;242809
7808;242918
7809;242790
7810;242766
7811;242719
7812;242681
7813;242758
7814;242714
7815;242693
7816;242756
7817;242826
7818;242773
7819;242809
7820;242915
7821;242990
7822;242837
7823;242954
7824;243036
7825;243095
7826;243104
7827;243088
7828;243195
7829;243276
7830;243161
7831;243266
7832;243179
7833;243184
7834;243139
7835;242961
7836;242875
7837;242791
7838;242889
7839;243008
7840;242843
7841;242852
7842;242842
7843;242894
7844;242894
7845;242923
7846;242974
7847;242956
7848;242943
7849;242844
7850;242773
7851;242875
7852;242953
7853;243013
7854;242909
7855;242950
7856;242839
7857;242953
7858;242878
7859;242824
7860;242928
7861;242872
7862;242892
7863;242992
7864;242932
7865;242858
7866;242825
7867;242822
7868;242964
7869;242796
7870;242668
7871;242802
7872;242679
7873;242750
7874;242784
7875;242746
7876;242819
7877;242768
7878;242852
7879;242888
7880;242771
7881;242798
7882;242873
7883;242772
7884;242670
7885;242822
7886;242855
7887;242777
7888;242854
7889;242789
7890;242787
7891;242912
7892;242952
7893;242748
7894;242904
7895;242915
7896;242963
7897;242848
7898;242901
7899;242883
7900;242958
7901;242993
7902;242979
7903;243104
7904;242952
7905;243027
7906;243073
7907;243117
7908;243256
7909;243137
7910;243326
7911;243243
7912;243188
7913;243139
7914;243112
7915;243083
7916;243133
7917;242964
7918;243040
7919;243035
7920;243059
7921;242994
7922;243031
7923;242901
7924;242780
7925;242893
7926;242871
7927;242758
7928;242763
7929;242887
7930;242954
7931;242923
7932;242883
7933;242897
7934;242967
7935;242916
7936;242722
7937;242623
7938;242612
7939;242713
7940;242582
7941;242716
7942;242588
7943;242687
7944;242676
7945;242689
7946;242603
7947;242714
7948;242796
7949;242769
7950;242756
7951;242862
7952;242901
7953;242962
7954;242866
7955;242988
7956;243037
7957;243021
7958;243059
7959;243099
7960;243118
7961;242854
7962;243008
7963;242922
7964;242960
7965;243058
7966;242976
7967;242897
7968;243029
7969;243088
7970;243161
7971;243117
7972;243180
7973;243165
7974;243083
7975;243198
7976;243135
7977;243114
7978;243202
7979;243166
7980;243268
7981;243302
7982;243307
7983;243330
7984;243424
7985;243367
7986;243340
7987;243344
7988;243281
7989;243128
7990;243166
7991;243087
7992;243197
7993;243124
7994;243022
7995;243208
7996;243298
7997;243134
7998;243239
7999;243322
8000;243284
8001;243369
8002;243319
8003;243257
8004;243278
8005;243302
8006;243298
8007;243236
8008;243172
8009;243145
8010;243135
8011;243081
8012;243105
8013;243056
8014;243008
8015;243128
8016;243154
8017;243108
8018;243160
8019;243055
8020;243027
8021;243083
8022;243228
8023;243264
8024;243093
8025;243079
8026;243050
8027;243045
8028;243051
8029;242913
8030;243002
8031;243080
8032;243053
8033;243066
8034;243055
8035;242939
8036;242997
8037;243085
8038;243125
8039;243144
8040;243240
8041;243273
8042;243158
8043;243207
8044;243144
8045;243199
8046;243206
8047;243036
8048;243054
8049;242942
8050;243061
8051;243094
8052;243063
8053;243102
8054;243140
8055;243098
8056;243235
8057;243215
8058;243208
8059;243318
8060;243174
8061;243198
8062;243046
8063;243088
8064;243087
8065;243026
8066;243083
8067;243222
8068;243103
8069;243183
8070;243097
8071;243008
8072;243036
8073;243122
8074;243152
8075;243167
8076;243097
8077;243166
8078;243248
8079;243156
8080;243060
8081;243118
8082;243122
8083;243296
8084;243300
8085;243346
8086;243294
8087;243236
8088;243116
8089;243148
8090;243188
8091;243089
8092;243114
8093;243149
8094;243259
8095;243228
8096;243262
8097;243280
8098;243372
8099;243322
8100;243301
8101;243189
8102;243194
8103;243173
8104;243177
8105;243315
8106;243241
8107;243379
8108;243361
8109;243424
8110;243252
8111;243334
8112;243348
8113;243354
8114;243365
8115;243367
8116;243364
8117;243272
8118;243282
8119;243306
8120;243343
8121;243300
8122;243381
8123;243379
8124;243495
8125;243453
8126;243427
8127;243401
8128;243328
8129;243413
8130;243419
8131;243338
8132;243292
8133;243365
8134;243371
8135;243423
8136;243375
8137;243523
8138;243501
8139;243570
8140;243434
8141;243517
8142;243424
8143;243477
8144;243538
8145;243545
8146;243482
8147;243495
8148;243499
8149;243451
8150;243371
8151;243365
8152;243542
8153;243511
8154;243561
8155;243457
8156;243485
8157;243516
8158;243541
8159;243677
8160;243528
8161;243587
8162;243533
8163;243482
8164;243488
8165;243529
8166;243379
8167;243218
8168;243388
8169;243431
8170;243361
8171;243418
8172;243400
8173;243311
8174;243338
8175;243356
8176;243373
8177;243339
8178;243450
8179;243478
8180;243481
8181;243529
8182;243385
8183;243353
8184;243479
8185;243423
8186;243374
8187;243251
8188;243341
8189;243270
8190;243271
8191;243438
8192;243450
8193;243564
8194;243709
8195;243725
8196;243665
8197;243559
8198;243640
8199;243596
8200;243861
8201;243852
8202;243852
8203;243808
8204;243755
8205;243687
8206;243593
8207;243615
8208;243661
8209;243749
8210;243743
8211;243745
8212;243742
8213;243746
8214;243811
8215;243803
8216;243760
8217;243864
8218;243937
8219;243834
8220;243734
8221;243631
8222;243540
8223;243679
8224;243702
8225;243673
8226;243604
8227;243644
8228;243650
8229;243677
8230;243571
8231;243632
8232;243640
8233;243712
8234;243647
8235;243530
8236;243554
8237;243659
8238;243600
8239;243638
8240;243520
8241;243501
8242;243547
8243;243507
8244;243607
8245;243711
8246;243622
8247;243641
8248;243702
8249;243607
8250;243730
8251;243603
8252;243789
8253;243633
8254;243596
8255;243575
8256;243716
8257;243807
8258;243746
8259;243844
8260;243765
8261;243540
8262;243792
8263;243758
8264;243727
8265;243704
8266;243677
8267;243625
8268;243543
8269;243613
8270;243504
8271;243565
8272;243597
8273;243674
8274;243591
8275;243581
8276;243633
8277;243595
8278;243433
8279;243511
8280;243538
8281;243580
8282;243523
8283;243643
8284;243750
8285;243611
8286;243660
8287;243647
8288;243647
8289;243508
8290;243539
8291;243637
8292;243598
8293;243524
8294;243489
8295;243573
8296;243656
8297;243469
8298;243366
8299;243410
8300;243284
8301;243395
8302;243374
8303;243407
8304;243284
8305;243318
8306;243429
8307;243348
8308;243557
8309;243276
8310;243196
8311;243070
8312;243139
8313;243164
8314;243241
8315;243200
8316;243323
8317;243360
8318;243409
8319;243459
8320;243524
8321;243457
8322;243535
8323;243711
8324;243579
8325;243560
8326;243597
8327;243662
8328;243562
8329;243535
8330;243554
8331;243507
8332;243462
8333;243478
8334;243484
8335;243549
8336;243409
8337;243556
8338;243515
8339;243539
8340;243379
8341;243488
8342;243393
8343;243294
8344;243251
8345;243389
8346;243519
8347;243572
8348;243636
8349;243505
8350;243363
8351;243461
8352;243238
8353;243382
8354;243484
8355;243408
8356;243412
8357;243357
8358;243360
8359;243299
8360;243340
8361;243556
8362;243513
8363;243391
8364;243517
8365;243312
8366;243250
8367;243094
8368;243130
8369;243140
8370;243083
8371;243073
8372;243073
8373;243197
8374;243072
8375;243274
8376;243356
8377;243352
8378;243484
8379;243386
8380;243286
8381;243147
8382;243063
8383;243025
8384;243095
8385;243120
8386;242997
8387;243071
8388;243127
8389;242998
8390;242954
8391;242873
8392;242828
8393;242890
8394;242935
8395;242847
8396;243000
8397;242942
8398;242929
8399;242833
8400;242937
8401;242910
8402;242782
8403;242631
8404;242712
8405;242659
8406;242814
8407;242833
8408;242898
8409;242826
8410;242857
8411;242828
8412;242934
8413;243002
8414;242886
8415;242806
8416;242811
8417;242873
8418;242810
8419;242765
8420;242789
8421;242833
8422;242921
8423;242979
8424;242895
8425;242786
8426;242897
8427;242794
8428;242991
8429;243039
8430;242943
8431;242944
8432;242933
8433;242912
8434;242912
8435;242976
8436;243030
8437;243102
8438;243055
8439;243063
8440;243038
8441;243164
8442;243244
8443;243185
8444;243172
8445;243224
8446;243387
8447;243385
8448;243360
8449;243339
8450;243479
8451;243364
8452;243465
8453;243464
8454;243529
8455;243358
8456;243397
8457;243451
8458;243397
8459;243251
8460;243223
8461;243215
8462;243199
8463;243115
8464;243145
8465;243292
8466;243406
8467;243414
8468;243388
8469;243360
8470;243320
8471;243344
8472;243160
8473;243246
8474;243305
8475;243372
8476;243397
8477;243432
8478;243356
8479;243414
8480;243477
8481;243312
8482;243365
8483;243519
8484;243446
8485;243481
8486;243395
8487;243363
8488;243337
8489;243410
8490;243456
8491;243471
8492;243488
8493;243509
8494;243519
8495;243423
8496;243455
8497;243330
8498;243355
8499;243379
8500;243507
8501;243427
8502;243431
8503;243423
8504;243463
8505;243490
8506;243455
8507;243360
8508;243255
8509;243293
8510;243247
8511;243387
8512;243404
8513;243267
8514;243326
8515;243304
8516;243360
8517;243418
8518;243437
8519;243431
8520;243536
8521;243531
8522;243464
8523;243570
8524;243532
8525;243543
8526;243603
8527;243505
8528;243419
8529;243514
8530;243465
8531;243434
8532;243466
8533;243490
8534;243592
8535;243581
8536;243519
8537;243546
8538;243613
8539;243573
8540;243539
8541;243438
8542;243370
8543;243181
8544;243137
8545;243123
8546;243099
8547;242830
8548;242830
8549;242671
8550;242400
8551;242333
8552;242023
8553;241942
8554;241594
8555;241424
8556;241193
8557;241262
8558;240712
8559;240274
8560;240185
8561;239938
8562;239543
8563;239432
8564;238747
8565;238284
8566;238139
8567;238198
8568;237898
8569;237883
8570;237651
8571;237224
8572;236666
8573;236223
8574;236130
8575;236012
8576;235705
8577;235269
8578;234711
8579;234282
8580;233744
8581;232894
8582;232110
8583;231511
8584;230384
8585;228970
8586;228062
8587;227359
8588;226358
8589;225105
8590;223512
8591;222384
8592;220732
8593;218881
8594;216565
8595;215211
8596;212566
8597;209895
8598;207568
8599;204231
8600;201339
8601;198480
8602;195689
8603;193302
8604;190567
8605;187434
8606;184651
8607;182208
8608;179166
8609;176143
8610;172738
8611;169786
8612;167178
8613;164680
8614;161409
8615;158140
8616;154791
8617;151287
8618;148669
8619;145646
8620;142779
8621;140277
8622;137395
8623;135232
8624;132562
8625;129595
8626;126801
8627;123995
8628;121744
8629;119129
8630;116627
8631;114545
8632;111991
8633;109246
8634;107759
8635;105472
8636;103733
8637;101231
8638;99408
8639;97334
8640;95764
8641;94065
8642;92528
8643;90739
8644;89384
8645;87608
8646;85976
8647;84362
8648;83254
8649;81678
8650;80047
8651;78919
8652;77484
8653;76315
8654;74898
8655;73658
8656;72733
8657;71867
8658;70749
8659;70110
8660;69517
8661;68495
8662;67338
8663;66139
8664;64809
8665;63531
8666;62331
8667;61801
8668;60820
8669;60460
8670;59697
8671;59074
8672;58566
8673;58295
8674;57719
8675;57208
8676;56575
8677;56304
8678;56183
8679;55897
8680;55646
8681;55103
8682;54926
8683;54663
8684;54261
8685;54344
8686;53966
8687;53321
8688;52646
8689;52800
8690;52189
8691;51593
8692;51375
8693;51056
8694;50920
8695;50830
8696;50737
8697;51056
8698;50599
8699;50393
8700;50493
8701;50423
8702;50429
8703;50415
8704;50592
8705;50254
8706;50303
8707;50073
8708;50022
8709;49759
8710;49171
8711;48970
8712;48600
8713;48235
8714;48102
8715;48257
8716;47972
8717;48039
8718;47867
8719;47586
8720;47563
8721;47657
8722;47711
8723;47802
8724;48084
8725;48054
8726;48049
8727;47862
8728;48066
8729;48288
8730;48297
8731;48298
8732;48284
8733;48332
8734;48439
8735;48810
8736;48805
8737;48768
8738;48837
8739;48742
8740;48702
8741;48906
8742;49048
8743;48799
8744;48837
8745;48688
8746;48932
8747;48869
8748;49141
8749;49151
8750;49497
8751;49711
8752;49819
8753;50020
8754;50190
8755;50495
8756;50448
8757;50461
8758;50678
8759;50703
8760;50736
8761;50865
8762;50856
8763;51038
8764;51257
8765;51545
8766;51799
8767;51990
8768;52043
8769;52196
8770;52434
8771;52611
8772;52862
8773;53001
8774;53168
8775;53236
8776;53347
8777;53481
8778;53692
8779;53772
8780;53846
8781;54083
8782;54183
8783;54490
8784;54527
8785;54529
8786;54625
8787;54722
8788;54884
8789;54887
8790;54924
8791;54915
8792;54905
8793;55129
8794;55200
8795;55059
8796;54863
8797;55120
8798;55305
8799;55484
8800;55676
8801;55801
8802;55708
8803;55771
8804;56210
8805;56035
8806;56163
8807;56292
8808;56268
8809;56121
8810;56000
8811;55823
8812;55865
8813;55750
8814;55866
8815;55942
8816;55707
8817;55768
8818;55653
8819;55386
8820;55444
8821;55355
8822;55416
8823;55079
8824;54939
8825;54725
8826;54780
8827;54991
8828;54747
8829;54491
8830;54525
8831;54659
8832;54352
8833;54215
8834;54033
8835;53689
8836;53721
8837;53613
8838;53583
8839;53519
8840;53457
8841;53386
8842;52974
8843;52868
8844;52736
8845;52396
8846;52293
8847;52152
8848;51904
8849;51839
8850;51831
8851;51484
8852;51168
8853;51152
8854;51183
8855;50851
8856;50466
8857;50345
8858;50088
8859;49868
8860;49645
8861;49196
8862;48951
8863;49027
8864;48731
8865;48819
8866;48624
8867;48575
8868;48339
8869;48389
8870;48372
8871;48407
8872;48291
8873;48006
8874;47557
8875;47552
8876;47277
8877;47000
8878;46921
8879;46933
8880;46893
8881;46861
8882;46838
8883;46744
8884;46662
8885;46553
8886;46544
8887;46595
8888;46463
8889;46479
8890;46246
8891;46198
8892;46266
8893;46283
8894;46442
8895;46447
8896;46273
8897;46599
8898;46839
8899;46768
8900;46757
8901;46740
8902;46483
8903;46446
8904;46256
8905;46313
8906;46342
8907;46677
8908;46233
8909;46158
8910;46509
8911;46343
8912;46509
8913;46664
8914;46641
8915;46674
8916;47049
8917;46967
8918;47191
8919;47124
8920;47346
8921;47318
8922;47250
8923;47312
8924;47180
8925;47217
8926;47236
8927;47243
8928;47159
8929;47203
8930;47148
8931;47275
8932;47359
8933;47122
8934;47426
8935;47277
8936;47482
8937;47637
8938;47407
8939;47558
8940;47389
8941;47633
8942;47640
8943;47915
8944;47783
8945;47759
8946;47867
8947;47974
8948;47957
8949;48084
8950;48254
8951;48243
8952;48266
8953;48427
8954;48607
8955;48551
8956;48529
8957;48776
8958;48902
8959;49195
8960;49293
8961;49163
8962;49393
8963;49409
8964;49500
8965;49844
8966;49743
8967;49876
8968;50003
8969;50037
8970;49894
8971;50165
8972;50384
8973;50455
8974;50611
8975;50545
8976;50673
8977;50794
8978;50804
8979;50791
8980;50629
8981;50907
8982;50934
8983;51283
8984;51003
8985;51205
8986;51010
8987;50935
8988;50871
8989;50867
8990;50891
8991;50917
8992;50906
8993;50820
8994;50864
8995;50561
8996;50654
8997;50669
8998;50571
8999;50280
9000;50421
9001;50281
9002;50034
9003;50144
9004;49945
9005;50187
9006;50133
9007;50354
9008;50297
9009;50157
9010;50191
9011;50414
9012;50290
9013;50161
9014;50094
9015;50135
9016;49950
9017;49758
9018;49663
9019;49724
9020;49659
9021;49606
9022;49676
9023;49524
9024;49519
9025;49407
9026;49370
9027;49078
9028;49057
9029;48765
9030;48513
9031;48568
9032;48043
9033;47963
9034;47799
9035;47685
9036;47441
9037;47287
9038;47236
9039;47235
9040;47100
9041;46743
9042;46607
9043;46545
9044;46742
9045;46683
9046;46667
9047;46371
9048;46292
9049;46080
9050;45793
9051;45785
9052;45840
9053;45874
9054;45975
9055;45923
9056;46090
9057;46001
9058;45991
9059;45778
9060;45643
9061;45531
9062;45401
9063;45163
9064;45284
9065;45389
9066;45453
9067;45530
9068;45621
9069;45599
9070;45616
9071;45470
9072;45683
9073;45461
9074;45615
9075;45670
9076;45830
9077;45755
9078;45775
9079;45753
9080;45880
9081;45797
9082;45974
9083;45919
9084;45660
9085;45395
9086;45426
9087;45291
9088;45398
9089;45036
9090;45055
9091;44910
9092;45002
9093;45021
9094;44514
9095;44612
9096;44492
9097;44462
9098;44221
9099;44189
9100;43873
9101;44063
9102;43957
9103;43878
9104;43715
9105;43752
9106;43749
9107;44057
9108;43836
9109;44156
9110;44232
9111;44161
9112;44119
9113;43905
9114;43716
9115;43613
9116;43405
9117;43448
9118;43656
9119;43611
9120;43520
9121;43456
9122;43267
9123;43442
9124;43546
9125;43810
9126;43742
9127;43831
9128;44179
9129;44225
9130;44352
9131;44000
9132;44055
9133;44073
9134;44051
9135;44011
9136;44109
9137;44033
9138;44044
9139;43767
9140;43717
9141;43555
9142;43681
9143;43538
9144;43516
9145;43639
9146;43697
9147;43700
9148;43711
9149;43927
9150;43947
9151;43934
9152;44232
9153;44241
9154;44494
9155;44383
9156;44512
9157;44477
9158;44539
9159;44667
9160;44757
9161;44997
9162;44832
9163;44454
9164;44827
9165;44840
9166;44957
9167;44915
9168;44803
9169;44401
9170;44229
9171;44074
9172;44290
9173;44320
9174;44572
9175;44414
9176;44258
9177;44189
9178;44422
9179;44403
9180;44677
9181;44606
9182;44699
9183;44273
9184;44432
9185;44482
9186;44887
9187;44966
9188;44843
9189;44887
9190;44875
9191;44549
9192;44998
9193;44946
9194;45012
9195;44714
9196;44315
9197;44545
9198;44446
9199;44149
9200;43854
9201;43658
9202;43503
9203;43429
9204;43531
9205;43396
9206;43217
9207;43238
9208;43031
9209;42981
9210;42934
9211;42940
9212;42823
9213;42567
9214;42577
9215;42274
9216;42140
9217;42058
9218;41926
9219;42070
9220;42074
9221;41895
9222;42161
9223;42172
9224;42114
9225;42055
9226;41786
9227;42161
9228;42108
9229;42216
9230;41979
9231;42233
9232;42375
9233;42565
9234;42460
9235;42663
9236;42650
9237;42647
9238;42859
9239;43070
9240;43109
9241;43013
9242;43015
9243;43114
9244;43337
9245;43470
9246;43410
9247;43350
9248;43479
9249;43639
9250;43784
9251;44148
9252;44266
9253;44336
9254;44456
9255;44570
9256;44721
9257;44832
9258;45123
9259;45620
9260;45556
9261;45871
9262;46190
9263;46062
9264;45878
9265;45921
9266;46067
9267;46064
9268;46466
9269;46556
9270;46901
9271;46918
9272;46748
9273;46884
9274;47040
9275;47038
9276;47210
9277;47466
9278;47619
9279;47502
9280;47721
9281;48002
9282;48245
9283;48504
9284;48523
9285;48759
9286;49027
9287;49087
9288;48968
9289;49041
9290;49611
9291;49462
9292;49658
9293;49889
9294;49989
9295;49995
9296;50123
9297;49903
9298;50104
9299;50504
9300;50651
9301;50777
9302;50611
9303;50852
9304;51029
9305;51039
9306;51328
9307;51637
9308;51698
9309;51809
9310;51844
9311;51740
9312;51792
9313;51883
9314;52255
9315;52127
9316;52064
9317;51940
9318;52101
9319;52057
9320;52456
9321;52411
9322;52427
9323;52219
9324;52032
9325;52175
9326;52088
9327;51982
9328;51966
9329;52060
9330;52029
9331;51688
9332;51611
9333;51566
9334;51762
9335;52070
9336;52005
9337;52481
9338;52749
9339;52941
9340;52985
9341;53070
9342;52964
9343;53220
9344;53360
9345;53083
9346;53361
9347;53210
9348;53379
9349;53517
9350;53746
9351;53769
9352;53792
9353;54028
9354;53701
9355;53712
9356;53682
9357;53689
9358;53790
9359;53604
9360;53718
9361;54073
9362;54097
9363;54254
9364;54089
9365;53836
9366;53596
9367;53440
9368;52915
9369;52740
9370;52729
9371;52286
9372;52367
9373;52287
9374;52195
9375;51843
9376;51791
9377;51324
9378;51085
9379;51072
9380;50893
9381;50536
9382;50390
9383;50150
9384;50153
9385;49895
9386;49591
9387;49592
9388;49245
9389;48910
9390;48793
9391;48412
9392;48029
9393;47947
9394;47629
9395;47278
9396;47067
9397;46926
9398;47010
9399;46873
9400;46477
9401;46247
9402;46284
9403;46470
9404;46413
9405;46239
9406;45913
9407;45783
9408;45534
9409;45146
9410;45323
9411;45545
9412;45412
9413;45273
9414;45089
9415;45190
9416;45166
9417;44913
9418;44798
9419;45028
9420;45160
9421;45043
9422;45009
9423;44815
9424;44868
9425;44796
9426;44764
9427;44989
9428;44813
9429;44451
9430;44607
9431;44473
9432;44493
9433;44394
9434;44472
9435;44508
9436;44656
9437;44601
9438;44536
9439;44500
9440;44671
9441;44923
9442;44760
9443;44845
9444;44687
9445;44766
9446;44891
9447;44793
9448;44698
9449;45145
9450;45251
9451;45456
9452;45474
9453;45500
9454;45901
9455;45520
9456;45830
9457;45974
9458;46053
9459;46195
9460;46172
9461;46042
9462;46195
9463;46208
9464;46366
9465;46452
9466;46713
9467;46565
9468;46492
9469;46673
9470;46787
9471;46999
9472;46902
9473;46811
9474;46904
9475;47133
9476;47485
9477;47574
9478;47760
9479;47585
9480;47797
9481;48172
9482;48171
9483;48027
9484;47894
9485;47778
9486;48028
9487;47989
9488;47699
9489;48047
9490;47725
9491;47776
9492;47959
9493;47967
9494;48179
9495;48299
9496;48289
9497;48423
9498;48414
9499;48442
9500;48613
9501;48647
9502;48861
9503;48999
9504;49000
9505;48948
9506;48848
9507;49205
9508;49411
9509;49460
9510;49557
9511;49557
9512;49458
9513;49470
9514;49691
9515;49806
9516;49757
9517;49809
9518;50127
9519;50271
9520;50424
9521;50351
9522;50622
9523;50705
9524;50682
9525;50920
9526;51334
9527;51160
9528;51150
9529;51210
9530;51189
9531;51441
9532;51708
9533;51632
9534;51817
9535;51615
9536;51855
9537;51818
9538;51954
9539;51644
9540;51885
9541;51919
9542;51853
9543;51789
9544;51974
9545;51898
9546;51727
9547;51894
9548;51963
9549;52031
9550;52048
9551;51864
9552;51873
9553;51954
9554;51813
9555;51625
9556;51661
9557;51783
9558;51792
9559;51724
9560;51856
9561;51846
9562;51723
9563;51820
9564;51672
9565;51495
9566;51584
9567;51586
9568;51689
9569;51689
9570;51798
9571;51583
9572;51590
9573;51949
9574;52120
9575;52057
9576;52298
9577;52883
9578;53034
9579;52997
9580;53264
9581;53716
9582;54128
9583;54466
9584;54628
9585;54836
9586;55104
9587;55191
9588;55486
9589;55747
9590;55653
9591;55877
9592;56238
9593;56420
9594;56520
9595;56516
9596;56553
9597;56866
9598;57245
9599;57370
9600;57252
9601;57338
9602;57773
9603;57823
9604;58035
9605;58307
9606;58653
9607;59024
9608;59017
9609;59129
9610;59374
9611;59617
9612;59794
9613;59918
9614;59991
9615;59825
9616;60215
9617;60170
9618;60080
9619;60056
9620;60147
9621;60239
9622;60154
9623;59961
9624;59539
9625;59731
9626;59794
9627;59944
9628;59880
9629;59789
9630;59937
9631;59825
9632;60185
9633;60070
9634;59842
9635;59612
9636;59539
9637;59984
9638;59668
9639;59594
9640;59842
9641;59924
9642;60089
9643;60294
9644;60371
9645;60635
9646;60960
9647;61052
9648;61620
9649;61903
9650;61681
9651;61511
9652;61864
9653;61996
9654;62038
9655;62467
9656;62813
9657;62879
9658;62789
9659;62828
9660;62871
9661;62702
9662;62776
9663;63149
9664;63207
9665;63252
9666;63130
9667;63308
9668;63458
9669;63357
9670;63477
9671;63570
9672;63681
9673;63929
9674;63856
9675;64153
9676;64292
9677;64418
9678;64907
9679;65174
9680;65280
9681;65685
9682;65976
9683;66434
9684;66743
9685;66860
9686;67107
9687;67315
9688;67610
9689;67833
9690;68011
9691;68036
9692;68373
9693;68457
9694;68586
9695;68961
9696;69079
9697;69569
9698;69748
9699;70056
9700;70285
9701;70382
9702;70526
9703;70608
9704;70887
9705;71135
9706;71290
9707;71640
9708;71864
9709;72020
9710;72272
9711;72417
9712;72298
9713;72718
9714;73014
9715;73394
9716;73610
9717;73472
9718;73546
9719;73905
9720;74107
9721;74281
9722;74321
9723;74690
9724;75247
9725;75213
9726;75152
9727;75676
9728;76058
9729;76245
9730;76309
9731;76794
9732;76579
9733;77151
9734;77447
9735;77350
9736;77501
9737;77495
9738;77463
9739;77797
9740;78181
9741;78429
9742;78660
9743;78597
9744;78571
9745;78917
9746;78851
9747;78935
9748;78803
9749;78811
9750;78725
9751;78877
9752;78831
9753;78829
9754;79175
9755;79269
9756;79200
9757;79222
9758;79139
9759;79289
9760;79204
9761;79449
9762;79407
9763;79485
9764;79785
9765;79931
9766;79865
9767;79599
9768;79671
9769;79821
9770;79865
9771;79552
9772;79428
9773;79469
9774;79168
9775;78833
9776;78883
9777;78910
9778;78645
9779;78364
9780;78472
9781;77896
9782;77694
9783;77248
9784;77323
9785;77151
9786;77361
9787;77490
9788;77303
9789;77295
9790;77022
9791;76758
9792;76812
9793;77003
9794;76732
9795;76495
9796;76123
9797;75855
9798;75869
9799;75838
9800;75437
9801;75238
9802;75035
9803;74638
9804;74465
9805;74082
9806;73944
9807;73643
9808;73136
9809;72492
9810;72400
9811;71895
9812;71550
9813;71302
9814;70949
9815;70331
9816;69507
9817;69211
9818;68701
9819;68251
9820;67999
9821;67997
9822;67610
9823;67526
9824;67209
9825;66766
9826;66393
9827;66256
9828;65967
9829;65329
9830;64981
9831;64361
9832;64183
9833;63864
9834;63947
9835;63162
9836;62630
9837;62343
9838;61951
9839;61664
9840;61301
9841;60837
9842;60640
9843;60088
9844;59198
9845;58730
9846;58192
9847;57360
9848;57045
9849;56679
9850;56187
9851;55939
9852;55544
9853;55139
9854;54978
9855;54919
9856;54517
9857;53897
9858;53770
9859;53494
9860;52750
9861;52638
9862;52510
9863;52173
9864;51757
9865;51695
9866;51611
9867;51585
9868;51168
9869;51093
9870;50902
9871;50410
9872;50058
9873;49912
9874;49618
9875;49349
9876;48794
9877;48614
9878;48289
9879;47936
9880;47783
9881;47453
9882;46955
9883;46819
9884;46939
9885;46760
9886;46406
9887;46298
9888;46240
9889;46200
9890;46011
9891;45827
9892;45831
9893;45617
9894;45455
9895;45257
9896;45193
9897;45060
9898;45092
9899;44888
9900;44883
9901;44813
9902;45149
9903;45010
9904;44966
9905;44793
9906;44399
9907;44330
9908;44141
9909;44095
9910;43618
9911;43966
9912;43292
9913;43300
9914;43107
9915;42885
9916;43013
9917;42789
9918;42933
9919;43053
9920;42859
9921;42854
9922;42719
9923;42577
9924;42640
9925;42484
9926;42289
9927;42216
9928;42245
9929;42206
9930;42286
9931;42121
9932;42163
9933;41832
9934;42074
9935;42025
9936;41866
9937;41870
9938;41878
9939;41966
9940;41883
9941;41971
9942;41842
9943;42012
9944;41912
9945;41986
9946;41751
9947;41972
9948;41987
9949;42160
9950;42125
9951;42122
9952;42296
9953;42043
9954;42133
9955;42305
9956;42356
9957;42599
9958;42649
9959;42695
9960;42599
9961;42781
9962;42958
9963;42672
9964;42622
9965;42311
9966;42385
9967;42376
9968;42466
9969;42587
9970;42354
9971;42419
9972;42619
9973;42986
9974;42836
9975;42844
9976;42556
9977;42762
9978;42906
9979;42796
9980;42959
9981;42847
9982;42786
9983;42752
9984;42546
9985;42769
9986;42707
9987;42862
9988;43264
9989;43439
9990;43120
9991;43245
9992;42973
9993;42663
9994;42837
9995;42783
9996;42867
9997;42700
9998;42876
9999;42768
10000;42751
